name,city,province,address,phone,website,capacity_raw,category,listing_url,source,scraped_at,resolved,place_id,norm_key
Tawse Winery,Lincoln,ON,3955 Cherry Ave,,https://tawsewinery.ca,,,,import:wine_country_venues,2026-05-18T11:23:32.867560+00:00,yes,ChIJCe3-zmStLIgRPmvGXoHyZFI,tawse winery|lincoln
Cave Spring Vineyard,Jordan,ON,3836 Main St,,https://cavespring.ca,,,,import:wine_country_venues,2026-05-18T11:23:32.867767+00:00,yes,ChIJx8oXdK9S04kRvZIbKuRyyWQ,cave spring vineyard|jordan
Creekside Estate Winery,Jordan Station,ON,2170 4th Ave,,https://creeksidewinery.ca,,,,import:wine_country_venues,2026-05-18T11:23:32.867871+00:00,duplicate,ChIJ3370E71S04kRPJ-LsLfhAV0,creekside estate winery|jordan station
Flat Rock Cellars,Jordan,ON,2727 7th Ave,,https://flatrockcellars.com,,,,import:wine_country_venues,2026-05-18T11:23:32.867969+00:00,yes,ChIJIXOLk0FN04kRfmmvJWDhLVA,flat rock cellars|jordan
Henry of Pelham Family Estate,St. Catharines,ON,1469 Pelham Rd,,https://henryofpelham.com,,,,import:wine_country_venues,2026-05-18T11:23:32.868066+00:00,duplicate,ChIJgUN7mdlN04kRanSbZ9LvJJg,henry of pelham family estate|st catharines
Inniskillin Wines,Niagara-on-the-Lake,ON,1499 Line 3,,https://inniskillin.com,,,,import:wine_country_venues,2026-05-18T11:23:32.868162+00:00,yes,ChIJVZWlA19e04kRaPcQBRUA4dM,inniskillin wines|niagaraonthelake
Jackson-Triggs Niagara Estate,Niagara-on-the-Lake,ON,2145 Regional Rd 55,,https://jacksontriggswinery.com,,,,import:wine_country_venues,2026-05-18T11:23:32.868256+00:00,yes,ChIJLUAQsz1f04kRIE-8yxtnLV8,jacksontriggs niagara estate|niagaraonthelake
Peller Estates Winery,Niagara-on-the-Lake,ON,290 John St E,,https://peller.com,,,,import:wine_country_venues,2026-05-18T11:23:32.868439+00:00,duplicate,ChIJUQZrWqdf04kRCKhLt_rGu-s,peller estates winery|niagaraonthelake
Ravine Vineyard Estate Winery,St. Davids,ON,1366 York Rd,,https://ravinevineyard.com,,,,import:wine_country_venues,2026-05-18T11:23:32.868528+00:00,duplicate,ChIJjaV2835c04kRrtmPib08qbc,ravine vineyard estate winery|st davids
Reif Estate Winery,Niagara-on-the-Lake,ON,15608 Niagara River Pkwy,,https://reifwinery.com,,,,import:wine_country_venues,2026-05-18T11:23:32.868618+00:00,yes,ChIJZRrd6lle04kR0RS5p91LYYE,reif estate winery|niagaraonthelake
Chateau des Charmes,Niagara-on-the-Lake,ON,1025 York Rd,,https://chateaudescharmes.com,,,,import:wine_country_venues,2026-05-18T11:23:32.868886+00:00,duplicate,ChIJvUNawAFb04kRUch4Ui5chak,chateau des charmes|niagaraonthelake
Thirty Bench Wine Makers,Beamsville,ON,4281 Mountainview Rd,,https://thirtybench.com,,,,import:wine_country_venues,2026-05-18T11:23:32.869064+00:00,yes,ChIJhfXV7DyuLIgRH6RXPAXD3qs,thirty bench wine makers|beamsville
Angels Gate Winery,Beamsville,ON,4260 Mountainview Rd,,https://angelsgatewinery.com,,,,import:wine_country_venues,2026-05-18T11:23:32.869150+00:00,yes,ChIJLaiBqWyuLIgR4J0br_2rI_k,angels gate winery|beamsville
Hidden Bench Vineyards,Beamsville,ON,4152 Locust Lane,,https://hiddenbench.com,,,,import:wine_country_venues,2026-05-18T11:23:32.869236+00:00,duplicate,ChIJAbtgah-uLIgRTMSu1Ozjl3U,hidden bench vineyards|beamsville
Malivoire Wine Company,Beamsville,ON,4260 King St,,https://malivoire.com,,,,import:wine_country_venues,2026-05-18T11:23:32.869321+00:00,yes,ChIJZfCfwY-tLIgRAvio-ZGhdJE,malivoire wine company|beamsville
Peninsula Ridge Estates,Beamsville,ON,5600 King St W,,https://peninsularidge.com,,,,import:wine_country_venues,2026-05-18T11:23:32.869407+00:00,duplicate,ChIJgcuL1E6uLIgRqdFswtLEEJQ,peninsula ridge estates|beamsville
Redstone Winery,Beamsville,ON,4245 King St,,https://redstonewinery.ca,,,,import:wine_country_venues,2026-05-18T11:23:32.869494+00:00,yes,ChIJldFexJqtLIgRgQ3GK4truQA,redstone winery|beamsville
Rosewood Estates Winery,Beamsville,ON,4352 Locust Lane,,https://rosewoodwine.com,,,,import:wine_country_venues,2026-05-18T11:23:32.869579+00:00,duplicate,ChIJP1COqDuuLIgR29bhA62_T3g,rosewood estates winery|beamsville
Sue-Ann Staff Estate Winery,Jordan,ON,3210 Staff Ave,,https://sue-annstaff.com,,,,import:wine_country_venues,2026-05-18T11:23:32.869666+00:00,duplicate,ChIJ2co_rBRN04kRbV0DESc646Y,sueann staff estate winery|jordan
Vineland Estates Winery,Vineland,ON,3620 Moyer Rd,,https://vineland.com,,,,import:wine_country_venues,2026-05-18T11:23:32.869754+00:00,duplicate,ChIJb1Yp5J-yLIgROd-XUcshWnA,vineland estates winery|vineland
Hernder Estate Wines,St. Catharines,ON,1607 8th Ave,,https://hernder.com,,,,import:wine_country_venues,2026-05-18T11:23:32.869840+00:00,yes,ChIJ-5j0F-hN04kRQRko2BKrJw8,hernder estate wines|st catharines
13th Street Winery,Jordan,ON,1776 4th Ave,,https://13thstreetwinery.com,,,,import:wine_country_venues,2026-05-18T11:23:32.870015+00:00,duplicate,ChIJpceoaxZS04kRT7_G0CqRytw,13th street winery|jordan
Kacaba Vineyards,Jordan,ON,3550 King St,,https://kacaba.com,,,,import:wine_country_venues,2026-05-18T11:23:32.870099+00:00,yes,ChIJr6VDE12tLIgRRyQn3LJTdlI,kacaba vineyards|jordan
Lakeview Wine Co,Winona,ON,4037 Cherry Ave,,https://lakeviewwineco.com,,,,import:wine_country_venues,2026-05-18T11:23:32.870183+00:00,yes,ChIJH7v-M2VZ04kRLhXPaueDlOo,lakeview wine co|winona
Stoney Ridge Estate Winery,Vineland,ON,3201 King St,,https://stoneyridge.com,,,,import:wine_country_venues,2026-05-18T11:23:32.870354+00:00,yes,ChIJNcRFYlOtLIgRBq8pqdLs3A4,stoney ridge estate winery|vineland
Fielding Estate Winery,Beamsville,ON,4020 Locust Lane,,https://fieldingestate.com,,,,import:wine_country_venues,2026-05-18T11:23:32.870439+00:00,duplicate,ChIJGxdXqN-xLIgRvQKlufbDo38,fielding estate winery|beamsville
Megalomaniac Wines,Beamsville,ON,3930 Cherry Ave,,https://megalomaniacwine.com,,,,import:wine_country_venues,2026-05-18T11:23:32.870524+00:00,yes,ChIJw14mt2StLIgRFPfZ4kBPrkU,megalomaniac wines|beamsville
Westcott Vineyards,Vineland,ON,3180 Moyer Rd,,https://westcottvineyards.com,,,,import:wine_country_venues,2026-05-18T11:23:32.870609+00:00,yes,ChIJ2fGifRVN04kRMJ9sVIqrCzY,westcott vineyards|vineland
Vieni Estates,Lincoln,ON,4553 Fly Rd,,https://vieni.ca,,,,import:wine_country_venues,2026-05-18T11:23:32.870692+00:00,duplicate,ChIJA0mtkRSyLIgRMGmvLxhI6i0,vieni estates|lincoln
Calamus Estate Winery,Jordan Station,ON,3100 Glen Rd,,https://calamuswines.com,,,,import:wine_country_venues,2026-05-18T11:23:32.870775+00:00,duplicate,ChIJxUrT2kxN04kRdfJY5wvaAKg,calamus estate winery|jordan station
Harbour Estates Winery,Jordan Station,ON,4362 Jordan Rd,,https://hewinery.com,,,,import:wine_country_venues,2026-05-18T11:23:32.870860+00:00,yes,ChIJG24GSdxS04kRN2Dl3nVmWKQ,harbour estates winery|jordan station
Lacey Estates Winery,Hillier,ON,804 Closson Rd,,https://laceyestates.com,,,,import:wine_country_venues,2026-05-18T11:23:32.870943+00:00,yes,ChIJdVFE3IxH1okRdOZxnVG9oS8,lacey estates winery|hillier
Norman Hardie Winery,Wellington,ON,1152 Greer Rd,,https://normanhardie.com,,,,import:wine_country_venues,2026-05-18T11:23:32.871029+00:00,duplicate,ChIJC7mGbexG1okRm-s47aehzFY,norman hardie winery|wellington
Waupoos Estates Winery,Waupoos,ON,3016 County Rd 8,,https://waupooswinery.com,,,,import:wine_country_venues,2026-05-18T11:23:32.871113+00:00,duplicate,ChIJZSMgKWTG14kR3F0gnpDq9mc,waupoos estates winery|waupoos
Hinterland Wine Company,Wellington,ON,1258 Closson Rd,,https://hinterlandwine.com,,,,import:wine_country_venues,2026-05-18T11:23:32.871197+00:00,yes,ChIJE2rSo6BH1okRKKyfBZdw7D0,hinterland wine company|wellington
By Chadsey's Cairns,Wellington,ON,17432 Loyalist Pkwy,,https://bychadseyswinery.com,,,,import:wine_country_venues,2026-05-18T11:23:32.871281+00:00,yes,ChIJBXavYm1G1okRbUZoD0g7y-4,by chadseys cairns|wellington
The Grange of Prince Edward,Hillier,ON,990 Closson Rd,,https://thegrangeofpec.com,,,,import:wine_country_venues,2026-05-18T11:23:32.871366+00:00,yes,ChIJ3aaakZBH1okRIJAYuIiaE90,the grange of prince edward|hillier
Rosehall Run Vineyards,Wellington,ON,1243 Greer Rd,,https://rosehallrun.com,,,,import:wine_country_venues,2026-05-18T11:23:32.871452+00:00,duplicate,ChIJkYYylOpG1okR5WcLu2z2H4s,rosehall run vineyards|wellington
Trail Estate Winery,Hillier,ON,1182 Greer Rd,,https://trailestate.com,,,,import:wine_country_venues,2026-05-18T11:23:32.871537+00:00,yes,ChIJa14HX69H1okR0kzAbGVquuQ,trail estate winery|hillier
Closson Chase Vineyards,Hillier,ON,629 Closson Rd,,https://clossonchase.com,,,,import:wine_country_venues,2026-05-18T11:23:32.871621+00:00,yes,ChIJ7z1LqVPK14kRjRGSBz6yZOI,closson chase vineyards|hillier
Karlo Estates,Wellington,ON,561 Roblin Rd,,https://karloestates.com,,,,import:wine_country_venues,2026-05-18T11:23:32.871705+00:00,duplicate,ChIJnc1F53tI1okRdKq-ICegFzI,karlo estates|wellington
Huff Estates,Bloomfield,ON,2274 County Rd 1,,https://huffestates.com,,,,import:wine_country_venues,2026-05-18T11:23:32.871788+00:00,duplicate,ChIJA8HVzHU21okR-31815yfDNA,huff estates|bloomfield
Sandbanks Estate Winery,Wellington,ON,17598 Loyalist Pkwy,,https://sandbanksestates.com,,,,import:wine_country_venues,2026-05-18T11:23:32.871872+00:00,duplicate,ChIJyUdaIXtG1okR2KR8-84yF7E,sandbanks estate winery|wellington
Pelee Island Winery,Kingsville,ON,455 Seacliff Dr,,https://peleeisland.com,,,,import:wine_country_venues,2026-05-18T11:23:32.872042+00:00,yes,ChIJXf1Pk9zCOogRXNwXzc1XVOU,pelee island winery|kingsville
Colio Estate Wines,Harrow,ON,1 Colio Dr,,https://coliowines.com,,,,import:wine_country_venues,2026-05-18T11:23:32.872126+00:00,yes,ChIJO9MfdXIgO4gRDsi3805Ma0Y,colio estate wines|harrow
Casa-Dea Estates,Harrow,ON,7030 County Rd 18,,https://casadea.com,,,,import:wine_country_venues,2026-05-18T11:23:32.872209+00:00,duplicate,ChIJ89DE0e1G1okRvnL0c-MGNZA,casadea estates|harrow
Sprucewood Shores Estate,Harrow,ON,7258 County Rd 50,,https://sprucewoodshores.com,,,,import:wine_country_venues,2026-05-18T11:23:32.872296+00:00,duplicate,ChIJYbrwLKgYO4gRRsi-kOQQEV0,sprucewood shores estate|harrow
Oxley Estate Winery,Harrow,ON,533 Concession 3,,https://oxleyestatewinery.com,,,,import:wine_country_venues,2026-05-18T11:23:32.872380+00:00,duplicate,ChIJuXfyRD_gOogRRwL87OX2bXY,oxley estate winery|harrow
Mastronardi Estate Winery,Leamington,ON,620 Seacliff Dr,,https://mastronardiwinery.com,,,,import:wine_country_venues,2026-05-18T11:23:32.872471+00:00,duplicate,ChIJJb4ZJADDOogR1ZqcCvlWirQ,mastronardi estate winery|leamington
Aleksander Estate Winery,Leamington,ON,1542 Field Dr,,https://aleksanderwinery.com,,,,import:wine_country_venues,2026-05-18T11:23:32.872570+00:00,yes,ChIJNxmSWrjDOogR1srOdwdTuTs,aleksander estate winery|leamington
Viewpointe Estate Winery,Harrow,ON,151 County Rd 50 E,,https://viewpointewinery.com,,,,import:wine_country_venues,2026-05-18T11:23:32.872662+00:00,duplicate,ChIJPz0Y4K8fO4gRjiFbXFX2q-8,viewpointe estate winery|harrow
Muscedere Vineyards,Comber,ON,7457 East Pike Creek Rd,,https://muscederevineyards.com,,,,import:wine_country_venues,2026-05-18T11:23:32.872747+00:00,duplicate,ChIJf4iedrggO4gRkmjBx4F21s8,muscedere vineyards|comber
D'Angelo Estate Winery,Amherstburg,ON,5141 Concession 5,,https://dangelowinery.com,,,,import:wine_country_venues,2026-05-18T11:23:32.872831+00:00,yes,ChIJIZrfkYkkO4gRkMZtcRfFcxQ,dangelo estate winery|amherstburg
Colchester Ridge Estate,Harrow,ON,108 County Rd 50,,https://creontario.ca,,,,import:wine_country_venues,2026-05-18T11:23:32.872916+00:00,yes,ChIJx2fOwM4fO4gRd2oZQ3-RXX8,colchester ridge estate|harrow
Hare Wine Co,Niagara-on-the-Lake,ON,1763 Niagara Stone Rd,,https://harewine.com,,,,import:wine_country_venues,2026-05-18T11:23:32.873000+00:00,yes,ChIJrWPCLyta04kRgCL1zUOjVHY,hare wine co|niagaraonthelake
Stonechurch Vineyards,Niagara-on-the-Lake,ON,1242 Irvine Rd,,https://stonechurch.com,,,,import:wine_country_venues,2026-05-18T11:23:32.873084+00:00,duplicate,ChIJ-6MUTv1f04kRRScIZcWeIgM,stonechurch vineyards|niagaraonthelake
Marynissen Estates Winery,Niagara-on-the-Lake,ON,1208 Concession 1,,https://marynissen.com,,,,import:wine_country_venues,2026-05-18T11:23:32.873171+00:00,yes,ChIJg0k5JnFf04kRrq2AnLgMb9M,marynissen estates winery|niagaraonthelake
Sunnybrook Farm Estate Winery,Niagara-on-the-Lake,ON,1425 Lakeshore Rd,,https://sunnybrookfarmwinery.com,,,,import:wine_country_venues,2026-05-18T11:23:32.873256+00:00,yes,ChIJm30pcDBa04kRnPZTDHlc7vE,sunnybrook farm estate winery|niagaraonthelake
Lailey Vineyard,Niagara-on-the-Lake,ON,15940 Niagara River Pkwy,,https://laileyvineyard.com,,,,import:wine_country_venues,2026-05-18T11:23:32.873344+00:00,yes,ChIJA1Mpmalf04kR-wwuQrQXqlw,lailey vineyard|niagaraonthelake
Niagara College Teaching Winery,Niagara-on-the-Lake,ON,135 Taylor Rd,,https://nctwinery.ca,,,,import:wine_country_venues,2026-05-18T11:23:32.873430+00:00,yes,ChIJlVITJ_Ba04kRxAMTl5QsGyM,niagara college teaching winery|niagaraonthelake
Pillitteri Estates Winery,Niagara-on-the-Lake,ON,1696 Niagara Stone Rd,,https://pillitteri.com,,,,import:wine_country_venues,2026-05-18T11:23:32.873514+00:00,yes,ChIJ7SJglytZ04kRQxO-4xqRpu0,pillitteri estates winery|niagaraonthelake
Caroline Cellars Winery,Niagara-on-the-Lake,ON,1010 Line 2,,https://carolinecellars.com,,,,import:wine_country_venues,2026-05-18T11:23:32.873599+00:00,yes,ChIJP4F6lMVe04kRJhe-XI7Hqaw,caroline cellars winery|niagaraonthelake
The Club at Bond Head,Bond Head,ON,18161 Hwy 27,,https://theclubatbondhead.com,,,,import:ontario_golf_venues,2026-05-18T11:23:45.520989+00:00,yes,ChIJb_BhASvDKogRBjkd1thuBpE,the club at bond head|bond head
Glen Eagle Golf Club,Caledon,ON,12887 Hwy 50,,https://gleneaglegolf.com,,,,import:ontario_golf_venues,2026-05-18T11:23:45.521194+00:00,duplicate,ChIJdRVvwkoeK4gRRKV8KP7VNyA,glen eagle golf club|caledon
Hockley Valley Resort,Orangeville,ON,793522 Mono Orangeville Townline,,https://hockley.com,,,,import:ontario_golf_venues,2026-05-18T11:23:45.521290+00:00,yes,ChIJudTJZy7-KogRrb0G4Z2S48o,hockley valley resort|orangeville
Deer Creek Golf & Banquet Facility,Ajax,ON,2700 Audley Rd N,,https://deercreekgolf.com,,,,import:ontario_golf_venues,2026-05-18T11:23:45.521382+00:00,yes,ChIJHX8KUNQh1YkRLDR3dOYrmYY,deer creek golf banquet facility|ajax
Lakeview Golf Course,Mississauga,ON,1190 Dixie Rd,,https://lakeviewgolf.ca,,,,import:ontario_golf_venues,2026-05-18T11:23:45.521475+00:00,yes,ChIJ-zTU4NdHK4gRWJkiV7JqizY,lakeview golf course|mississauga
Rattlesnake Point Golf Club,Milton,ON,7appreci Appleby Line,,https://rattlesnakepointgolf.com,,,,import:ontario_golf_venues,2026-05-18T11:23:45.521565+00:00,yes,ChIJT9LkXA5mK4gR_yy72XJNmxg,rattlesnake point golf club|milton
Granite Golf Club,Stouffville,ON,11421 Tenth Line,,https://granitegolf.ca,,,,import:ontario_golf_venues,2026-05-18T11:23:45.521653+00:00,yes,ChIJB4igcggv1YkR1cfgumcgkjc,granite golf club|stouffville
Lebovic Golf Club,Aurora,ON,16540 Bayview Ave,,https://lebovicgolf.com,,,,import:ontario_golf_venues,2026-05-18T11:23:45.521740+00:00,yes,ChIJsTBtvuTVKogRcrbU1l2tJNI,lebovic golf club|aurora
Cardinal Golf Club,King City,ON,2740 Davis Dr W,,https://cardinalgolf.com,,,,import:ontario_golf_venues,2026-05-18T11:23:45.521826+00:00,duplicate,ChIJgzIKvtTbKogRVJFiIEpp8Ws,cardinal golf club|king city
Carrying Place Golf,King City,ON,13722 Keele St,,https://carryingplacegolf.com,,,,import:ontario_golf_venues,2026-05-18T11:23:45.521914+00:00,duplicate,ChIJwVbMuNLbKogRkuIeeT_vx7I,carrying place golf|king city
Station Creek Golf Club,Stouffville,ON,3610 Hwy 47,,https://stationcreek.com,,,,import:ontario_golf_venues,2026-05-18T11:23:45.522001+00:00,yes,ChIJV78EHjor1YkREgh35KQK-Yc,station creek golf club|stouffville
Cutten Fields,Guelph,ON,190 College Ave E,,https://cuttenfields.com,,,,import:ontario_golf_venues,2026-05-18T11:23:45.522175+00:00,yes,ChIJkSJQ-SCbK4gR4bIE1gg1msU,cutten fields|guelph
Guelph Lake Golf & Country Club,Guelph,ON,8200 Wellington Rd 30,,https://guelphlakegolf.com,,,,import:ontario_golf_venues,2026-05-18T11:23:45.522260+00:00,yes,ChIJzekVkNabK4gRI-whFC5JXx0,guelph lake golf country club|guelph
Beacon Hall Golf Club,Aurora,ON,15949 Bayview Ave,,https://beaconhallgolf.com,,,,import:ontario_golf_venues,2026-05-18T11:23:45.522345+00:00,yes,ChIJ_10oaA3UKogRxqeC0N0HXa4,beacon hall golf club|aurora
National Pines Golf Club,Barrie,ON,3 Big Bay Point Rd,,https://nationalpines.com,,,,import:ontario_golf_venues,2026-05-18T11:23:45.522430+00:00,yes,ChIJ_1XgFgu8KogRHbPmwM0xUuo,national pines golf club|barrie
Horseshoe Resort,Barrie,ON,1101 Horseshoe Valley Rd,,https://horseshoeresort.com,,,,import:ontario_golf_venues,2026-05-18T11:23:45.522513+00:00,yes,ChIJnW2PIcK0Kk0Rwd4L7GV84MA,horseshoe resort|barrie
Nottawasaga Inn Resort,Alliston,ON,6015 Hwy 89,,https://nottawasaga.com,,,,import:ontario_golf_venues,2026-05-18T11:23:45.522597+00:00,yes,ChIJ-7bPWdPvKogRU7jfPHWW7w8,nottawasaga inn resort|alliston
Ajax Downs,Ajax,ON,50 Clements Rd,,https://ajaxdowns.com,,,,import:ontario_golf_venues,2026-05-18T11:23:45.522767+00:00,yes,ChIJbwDteB7g1IkR7LOsjJ2NG4U,ajax downs|ajax
Peterborough Golf & Country Club,Peterborough,ON,1 Golf Club Rd,,https://petergolf.com,,,,import:ontario_golf_venues,2026-05-18T11:23:45.522852+00:00,yes,ChIJp8_wZVCL1YkR8THSiwWHP5U,peterborough golf country club|peterborough
Kawartha Golf & Country Club,Peterborough,ON,777 Clonsilla Ave,,https://kawarthagolf.com,,,,import:ontario_golf_venues,2026-05-18T11:23:45.522937+00:00,yes,ChIJUQE01ruN1YkR3MKwNPij5QI,kawartha golf country club|peterborough
Carleton Golf & Yacht Club,Manotick,ON,1000 Clapp Lane,,https://carletongolf.com,,,,import:ontario_golf_venues,2026-05-18T11:23:45.523071+00:00,duplicate,ChIJjxHsYUXmzUwRArc00NRaAsM,carleton golf yacht club|manotick
Hunt Club Golf,Ottawa,ON,1 Hunt Club Rd,,https://huntclubgolf.com,,,,import:ontario_golf_venues,2026-05-18T11:23:45.523158+00:00,duplicate,ChIJExyRqX8IzkwRHNuAaqNz_HM,hunt club golf|ottawa
Barrhaven Golf,Ottawa,ON,3600 Greenbank Rd,,https://barrehavengolf.com,,,,import:ontario_golf_venues,2026-05-18T11:23:45.523328+00:00,yes,ChIJNX3LZxkHzkwRmiBn5pvhTLg,barrhaven golf|ottawa
Wyndham Grand Fallsview Golf,Niagara Falls,ON,6039 Fallsview Blvd,,https://wyndhamgrandfallsview.com,,,,import:ontario_golf_venues,2026-05-18T11:23:45.523413+00:00,yes,ChIJmbykCwxD04kRSrII9Om84d8,wyndham grand fallsview golf|niagara falls
Legends on the Niagara,Niagara Falls,ON,9000 Niagara River Pkwy,,https://niagaraparksgolf.com,,,,import:ontario_golf_venues,2026-05-18T11:23:45.523501+00:00,yes,ChIJd_C1F9RC04kRbA-RuiXajl8,legends on the niagara|niagara falls
Grand Niagara Golf,Niagara Falls,ON,8547 Grassy Brook Rd,,https://grandniagarahotel.com,,,,import:ontario_golf_venues,2026-05-18T11:23:45.523586+00:00,yes,ChIJB3DCbp9G04kR4TTFV7lzY1s,grand niagara golf|niagara falls
Beechwood Golf Course,Niagara Falls,ON,4680 Beechwood Rd,,https://beechwoodgolf.com,,,,import:ontario_golf_venues,2026-05-18T11:23:45.523669+00:00,yes,ChIJQ42ueD1F04kR3kcHNkkfEhM,beechwood golf course|niagara falls
Cherry Hill Club,Ridgeway,ON,3350 Dominion Rd,,https://cherryhillclub.com,,,,import:ontario_golf_venues,2026-05-18T11:23:45.523752+00:00,yes,ChIJMyIz-Ys-04kRF9vYrcuO_Oo,cherry hill club|ridgeway
Lookout Point Country Club,Fonthill,ON,190 Lookout Point Rd,,https://lookoutpointcc.com,,,,import:ontario_golf_venues,2026-05-18T11:23:45.523838+00:00,yes,ChIJAwkhRPhL04kRYObl_7h4akg,lookout point country club|fonthill
Brock Golf Course,Niagara-on-the-Lake,ON,3290 McNab Rd,,https://brockgolf.com,,,,import:ontario_golf_venues,2026-05-18T11:23:45.523922+00:00,yes,ChIJT7T81FRO04kRqdw0aUM3Voo,brock golf course|niagaraonthelake
Sawmill Golf Course,Gravenhurst,ON,1165 Doe Lake Rd,,https://sawmillgolf.ca,,,,import:ontario_golf_venues,2026-05-18T11:23:45.524004+00:00,yes,ChIJp5n0ZOF8L4gRfUH2d4OKRLo,sawmill golf course|gravenhurst
Taboo Muskoka,Gravenhurst,ON,1209 Muskoka Beach Rd,,https://taboomuskoka.com,,,,import:ontario_golf_venues,2026-05-18T11:23:45.524087+00:00,duplicate,ChIJ2zaoeTeFKk0RiPg0S-TWsig,taboo muskoka|gravenhurst
The Briars Resort,Jackson's Point,ON,55 Hedge Rd,,https://briars.ca,,,,import:ontario_golf_venues,2026-05-18T11:23:45.524416+00:00,duplicate,ChIJaytjySNN1YkRMo4sJNf-K3U,the briars resort|jacksons point
Baldhead Golf,Stayner,ON,5940 Simcoe County Rd 42,,https://baldheadgolf.com,,,,import:ontario_golf_venues,2026-05-18T11:23:45.524583+00:00,duplicate,ChIJb_BhASvDKogRBjkd1thuBpE,baldhead golf|stayner
Cranberry Golf Resort,Collingwood,ON,19 Keith Ave,,https://cranberrygolf.com,,,,import:ontario_golf_venues,2026-05-18T11:23:45.524667+00:00,yes,ChIJK2DdoCd6KogRlrEF1Y2OGc8,cranberry golf resort|collingwood
Monterra Golf,Collingwood,ON,Blue Mountain Resort,,https://bluemountain.ca/monterra,,,,import:ontario_golf_venues,2026-05-18T11:23:45.524749+00:00,yes,ChIJhYv70dZwKogRPYo_uUeQTxM,monterra golf|collingwood
Lora Bay Golf Course,Thornbury,ON,36 Lora Bay Dr,,https://lorabay.com,,,,import:ontario_golf_venues,2026-05-18T11:23:45.524833+00:00,yes,ChIJU02rE74LKogRG7KrvFrg4AU,lora bay golf course|thornbury
Cobble Beach Golf Links,Owen Sound,ON,221 McLeese Dr,,https://cobblebeach.com,,,,import:ontario_golf_venues,2026-05-18T11:23:45.524921+00:00,yes,ChIJmQk7_6-xLE0R3gwkJ6dfEqI,cobble beach golf links|owen sound
Bigwin Island Golf Club,Lake of Bays,ON,1 Bigwin Island,,https://bigwin.com,,,,import:ontario_golf_venues,2026-05-18T11:23:45.525005+00:00,yes,ChIJS4kr1qeI1UwRRHdCcOD9TlQ,bigwin island golf club|lake of bays
Lake Joseph Club,Seguin,ON,1600 Hwy 141,,https://lakejosephclub.com,,,,import:ontario_golf_venues,2026-05-18T11:23:45.525087+00:00,yes,ChIJCa3BuG31Kk0RNjiNPugUcfo,lake joseph club|seguin
Elora Mill Inn & Spa,Elora,ON,77 West Mill St,,https://eloramill.ca,,,,import:ontario_heritage_venues,2026-05-18T11:23:53.539280+00:00,yes,ChIJHcs85mKVK4gRMUb6ccUlJLQ,elora mill inn spa|elora
Langdon Hall Country House Hotel,Cambridge,ON,1 Langdon Dr,,https://langdonhall.ca,,,,import:ontario_heritage_venues,2026-05-18T11:23:53.539469+00:00,duplicate,ChIJWfGFlPB1LIgR9Wg6VTmerqQ,langdon hall country house hotel|cambridge
The Millcroft Inn & Spa,Alton,ON,55 John St,,https://millcroft.com,,,,import:ontario_heritage_venues,2026-05-18T11:23:53.539575+00:00,duplicate,ChIJ4-mSAggHK4gRb57TEaOYMeo,the millcroft inn spa|alton
Bigwin Inn,Lake of Bays,ON,1 Bigwin Island,,https://bigwininn.com,,,,import:ontario_heritage_venues,2026-05-18T11:23:53.539674+00:00,not_found,,bigwin inn|lake of bays
Clevelands House,Minett,ON,1695 Juddhaven Rd,,https://clevelandshouse.com,,,,import:ontario_heritage_venues,2026-05-18T11:23:53.539863+00:00,yes,ChIJeQHhzv5YKk0RfSA2nW9aVp4,clevelands house|minett
Delta Hotels Kananaskis,Port Carling,ON,1090 Sherwood Rd,,https://marriott.com,,,,import:ontario_heritage_venues,2026-05-18T11:23:53.540044+00:00,not_found,,delta hotels kananaskis|port carling
JW Marriott The Rosseau Muskoka,Minett,ON,1050 Regional Rd 169,,https://marriott.com,,,,import:ontario_heritage_venues,2026-05-18T11:23:53.540138+00:00,yes,ChIJ-eSvWwNZKk0RpFA4wfdcC4M,jw marriott the rosseau muskoka|minett
Taboo Muskoka Resort,Gravenhurst,ON,1209 Muskoka Beach Rd,,https://taboomuskoka.com,,,,import:ontario_heritage_venues,2026-05-18T11:23:53.540229+00:00,duplicate,ChIJ2zaoeTeFKk0RiPg0S-TWsig,taboo muskoka resort|gravenhurst
Delta Grandview Resort,Huntsville,ON,939 Peninsula Rd,,https://marriott.com,,,,import:ontario_heritage_venues,2026-05-18T11:23:53.540411+00:00,duplicate,ChIJo4HONk91Kk0R8P8G62zVAYY,delta grandview resort|huntsville
Severn Lodge,Port Severn,ON,10 Gloucester Trail,,https://severnlodge.com,,,,import:ontario_heritage_venues,2026-05-18T11:23:53.540586+00:00,duplicate,ChIJRx4NONDrKk0RV1qnXZb36Cc,severn lodge|port severn
Killarney Lodge,Algonquin Park,ON,787 Killarney Lodge Ln,,https://killarneylodge.com,,,,import:ontario_heritage_venues,2026-05-18T11:23:53.540672+00:00,yes,ChIJgzA33dRzKk0RizA2QqrIkxM,killarney lodge|algonquin park
Arowhon Pines,Algonquin Park,ON,Arowhon Rd,,https://arowhonpines.ca,,,,import:ontario_heritage_venues,2026-05-18T11:23:53.540758+00:00,yes,ChIJRfA9Sy5yKk0Rq8u68rPvk0o,arowhon pines|algonquin park
Blue Mountain Resort,Collingwood,ON,190 Jozo Weider Blvd,,https://bluemountain.ca,,,,import:ontario_heritage_venues,2026-05-18T11:23:53.540927+00:00,yes,ChIJRTL7KtdwKogRq1HChw3A1Gk,blue mountain resort|collingwood
Cranberry Resort,Collingwood,ON,19 Keith Ave,,https://cranberrygolf.com,,,,import:ontario_heritage_venues,2026-05-18T11:23:53.541012+00:00,yes,ChIJ80pNS4Z5KogRlxsiHuzKQL4,cranberry resort|collingwood
The Westin Trillium House,Blue Mountains,ON,220 Gord Canning Dr,,https://marriott.com,,,,import:ontario_heritage_venues,2026-05-18T11:23:53.541099+00:00,duplicate,ChIJsba20cRwKogRscwH-2qyXwM,the westin trillium house|blue mountains
Living Water Resort,Collingwood,ON,1 Living Water Dr,,https://livingwaterresort.ca,,,,import:ontario_heritage_venues,2026-05-18T11:23:53.541188+00:00,duplicate,ChIJ32OP64B5KogR2XaInd6NuTQ,living water resort|collingwood
Scandinave Spa Blue Mountain,Blue Mountains,ON,152 Grey Rd 21,,https://scandinave.com,,,,import:ontario_heritage_venues,2026-05-18T11:23:53.541274+00:00,yes,ChIJc5kojrpwKogR1Szk5LTkjYE,scandinave spa blue mountain|blue mountains
Horseshoe Resort,Oro-Medonte,ON,1101 Horseshoe Valley Rd,,https://horseshoeresort.com,,,,import:ontario_heritage_venues,2026-05-18T11:23:53.541535+00:00,duplicate,ChIJnW2PIcK0Kk0Rwd4L7GV84MA,horseshoe resort|oromedonte
Fern Resort,Orillia,ON,4432 Fern Resort Rd,,https://fernresort.com,,,,import:ontario_heritage_venues,2026-05-18T11:23:53.541624+00:00,yes,ChIJexYM4DeoKk0RocsqBa1M5Ko,fern resort|orillia
Carriage Ridge Resort,Barrie,ON,90 Highland Dr,,https://carriageridgeresort.com,,,,import:ontario_heritage_venues,2026-05-18T11:23:53.541713+00:00,yes,ChIJsWdjr8W0Kk0R15tVvchDolc,carriage ridge resort|barrie
The Manor,Kettleby,ON,16000 Dufferin St,,https://themanor.ca,,,,import:ontario_heritage_venues,2026-05-18T11:23:53.541799+00:00,duplicate,ChIJcbRC4S3aKogRj1QZKxa9jHg,the manor|kettleby
Belcroft Estate,Barrie,ON,3540 Penetanguishene Rd,,https://belcroftestate.com,,,,import:ontario_heritage_venues,2026-05-18T11:23:53.541884+00:00,duplicate,ChIJj2M6JALHKogRVc9sVAEII78,belcroft estate|barrie
Château Le Jardin,Vaughan,ON,8440 Hwy 27,,https://chateaulejardin.com,,,,import:ontario_heritage_venues,2026-05-18T11:23:53.542460+00:00,duplicate,ChIJpb2A8jA7K4gRl9toqJtJSA4,chteau le jardin|vaughan
Eagles Nest,Maple,ON,10000 Dufferin St,,https://eaglesnest.ca,,,,import:ontario_heritage_venues,2026-05-18T11:23:53.542558+00:00,duplicate,ChIJ27OfuG0pK4gRuX2jRelIxXI,eagles nest|maple
Paradise Banquet Hall,Vaughan,ON,7601 Weston Rd,,https://paradisebanquet.ca,,,,import:ontario_heritage_venues,2026-05-18T11:23:53.542647+00:00,duplicate,ChIJ1Ug_PrEvK4gR-CHqaM2sTEU,paradise banquet hall|vaughan
Arcadian Court,Toronto,ON,401 Bay St,,https://arcadiancourt.ca,,,,import:ontario_heritage_venues,2026-05-18T11:23:53.542734+00:00,yes,ChIJK1u-3cw0K4gR0BcHRdMGYik,arcadian court|toronto
Steam Whistle Brewing,Toronto,ON,255 Bremner Blvd,,https://steamwhistle.ca,,,,import:ontario_heritage_venues,2026-05-18T11:23:53.542823+00:00,yes,ChIJ7-ghWTE1K4gRLK1qk255dCk,steam whistle brewing|toronto
The Carlu,Toronto,ON,444 Yonge St,,https://thecarlu.com,,,,import:ontario_heritage_venues,2026-05-18T11:23:53.542908+00:00,yes,ChIJ-Zyf_7Q0K4gR4XNQ0Rk1RVs,the carlu|toronto
Berkeley Church,Toronto,ON,315 Queen St E,,https://berkeleychurch.com,,,,import:ontario_heritage_venues,2026-05-18T11:23:53.542993+00:00,yes,ChIJCyMi-jjL1IkRxA9B0d0KaTg,berkeley church|toronto
Evergreen Brick Works,Toronto,ON,550 Bayview Ave,,https://evergreen.ca,,,,import:ontario_heritage_venues,2026-05-18T11:23:53.543078+00:00,yes,ChIJJ0fOv6TM1IkRka89i2s5JJA,evergreen brick works|toronto
Palais Royale,Toronto,ON,1601 Lake Shore Blvd W,,https://palaisroyale.ca,,,,import:ontario_heritage_venues,2026-05-18T11:23:53.543164+00:00,duplicate,ChIJNaGF5bc1K4gRaGh-Ny4NkmE,palais royale|toronto
Casa Loma,Toronto,ON,1 Austin Terrace,,https://casaloma.ca,,,,import:ontario_heritage_venues,2026-05-18T11:23:53.543248+00:00,yes,ChIJs6Elz500K4gRT1jWAsHIfGE,casa loma|toronto
Bram & Bluma Appel Salon,Toronto,ON,789 Yonge St,,https://torontopubliclibrary.ca,,,,import:ontario_heritage_venues,2026-05-18T11:23:53.543333+00:00,yes,ChIJjbh0jq40K4gRAXyp4I1hNj8,bram bluma appel salon|toronto
Design Exchange,Toronto,ON,234 Bay St,,https://dx.ca,,,,import:ontario_heritage_venues,2026-05-18T11:23:53.543420+00:00,yes,ChIJFQQAEQUAABARX3mlRc2lJEs,design exchange|toronto
Toronto Reference Library,Toronto,ON,789 Yonge St,,https://torontopubliclibrary.ca,,,,import:ontario_heritage_venues,2026-05-18T11:23:53.543505+00:00,yes,ChIJ4S_WkK40K4gRFJN_Eh7D-1A,toronto reference library|toronto
The Fermenting Cellar,Toronto,ON,28 Distillery Lane,,https://fermentingcellar.com,,,,import:ontario_heritage_venues,2026-05-18T11:23:53.543592+00:00,yes,ChIJv1iSxz3L1IkRK25qUP6txY0,the fermenting cellar|toronto
Cluny Bistro & Boulangerie,Toronto,ON,35 Tank House Lane,,https://clunybistro.com,,,,import:ontario_heritage_venues,2026-05-18T11:23:53.543680+00:00,yes,ChIJfZQd8z3L1IkRclXnPHefzKE,cluny bistro boulangerie|toronto
Pure Spirits Oyster House,Toronto,ON,39 Tank House Lane,,https://purespirits.ca,,,,import:ontario_heritage_venues,2026-05-18T11:23:53.543766+00:00,yes,ChIJv1iSxz3L1IkRuHE5LWe7Sr4,pure spirits oyster house|toronto
Trinity Bellwoods Park,Toronto,ON,790 Queen St W,,https://toronto.ca,,,,import:ontario_heritage_venues,2026-05-18T11:23:53.543852+00:00,yes,ChIJ29zuWfs0K4gRu3X7rsgi-wM,trinity bellwoods park|toronto
High Park,Toronto,ON,1873 Bloor St W,,https://toronto.ca,,,,import:ontario_heritage_venues,2026-05-18T11:23:53.543935+00:00,yes,ChIJBfc2I9M1K4gRZ-4AoyXIvAE,high park|toronto
Guild Inn Estate,Toronto,ON,201 Guildwood Pkwy,,https://guildinnestate.ca,,,,import:ontario_heritage_venues,2026-05-18T11:23:53.544019+00:00,duplicate,ChIJ33kkUaTa1IkRSTulxr64MJg,guild inn estate|toronto
Scarborough Bluffs Park,Toronto,ON,Brimley Rd S,,https://toronto.ca,,,,import:ontario_heritage_venues,2026-05-18T11:23:53.544102+00:00,yes,ChIJISuMf_rP1IkRA6aDvmjqjQA,scarborough bluffs park|toronto
McMichael Canadian Art Collection,Kleinburg,ON,10365 Islington Ave,,https://mcmichael.com,,,,import:ontario_heritage_venues,2026-05-18T11:23:53.544187+00:00,yes,ChIJf6qfHj0kK4gRWem1KyJy2uo,mcmichael canadian art collection|kleinburg
Kortright Centre,Vaughan,ON,9550 Pine Valley Dr,,https://kortright.org,,,,import:ontario_heritage_venues,2026-05-18T11:23:53.544281+00:00,yes,ChIJt-MsN7YlK4gROxqijiffnfc,kortright centre|vaughan
Crawford Lake Conservation,Milton,ON,3115 Conservation Rd,,https://conservationhalton.ca,,,,import:ontario_heritage_venues,2026-05-18T11:23:53.544382+00:00,yes,ChIJD51cZeV6K4gRAdvlWSRwAJU,crawford lake conservation|milton
Kelso Conservation Area,Milton,ON,5234 Kelso Rd,,https://conservationhalton.ca,,,,import:ontario_heritage_venues,2026-05-18T11:23:53.544471+00:00,yes,ChIJPSqgxnJwK4gRV5xg1cRa11Y,kelso conservation area|milton
Hilton Falls Conservation,Milton,ON,9905 8th Line,,https://conservationhalton.ca,,,,import:ontario_heritage_venues,2026-05-18T11:23:53.544559+00:00,yes,ChIJk7RjO0F6K4gRkkRvBSE8EC8,hilton falls conservation|milton
Balls Falls Conservation Area,Lincoln,ON,3292 6th Ave,,https://npca.ca,,,,import:ontario_heritage_venues,2026-05-18T11:23:53.544644+00:00,yes,ChIJcYprBbOyLIgRqvNpMT-fXtk,balls falls conservation area|lincoln
Rockway Conservation Area,St. Catharines,ON,3290 Ninth St,,https://npca.ca,,,,import:ontario_heritage_venues,2026-05-18T11:23:53.544729+00:00,yes,ChIJN9h_ApNN04kRUcjysbp1QR4,rockway conservation area|st catharines
Bingemans Conference Centre,Kitchener,ON,425 Bingemans Centre Dr,,https://bingemans.com,,,,import:ontario_heritage_venues,2026-05-18T11:23:53.544816+00:00,yes,ChIJC8TI-qyMK4gRjA676AurGDk,bingemans conference centre|kitchener
Aga Khan Museum,Toronto,ON,77 Wynford Dr,,https://agakhanmuseum.org,,,,import:ontario_heritage_venues,2026-05-18T11:23:53.544902+00:00,yes,ChIJrY4E26DN1IkRzBaz81H3EVw,aga khan museum|toronto
Gardiner Museum,Toronto,ON,111 Queens Park,,https://gardinermuseum.on.ca,,,,import:ontario_heritage_venues,2026-05-18T11:23:53.544986+00:00,yes,ChIJiwxr6Lo0K4gR7ZmhAyZhlxw,gardiner museum|toronto
Royal Ontario Museum,Toronto,ON,100 Queens Park,,https://rom.on.ca,,,,import:ontario_heritage_venues,2026-05-18T11:23:53.545074+00:00,yes,ChIJE-Xa87o0K4gRkvXFHuE0hMk,royal ontario museum|toronto
Art Gallery of Ontario,Toronto,ON,317 Dundas St W,,https://ago.ca,,,,import:ontario_heritage_venues,2026-05-18T11:23:53.545159+00:00,yes,ChIJvRlT7cU0K4gRr0bg7VV3J9o,art gallery of ontario|toronto
Bata Shoe Museum,Toronto,ON,327 Bloor St W,,https://batashoemuseum.ca,,,,import:ontario_heritage_venues,2026-05-18T11:23:53.545243+00:00,yes,ChIJTWfHtkovK4gRKv0dpavNbko,bata shoe museum|toronto
Ontario Science Centre,Toronto,ON,770 Don Mills Rd,,https://ontariosciencecentre.ca,,,,import:ontario_heritage_venues,2026-05-18T11:23:53.545327+00:00,yes,ChIJm8KGNas7K4gRzisvdic-RXI,ontario science centre|toronto
Harbourfront Centre,Toronto,ON,235 Queens Quay W,,https://harbourfrontcentre.com,,,,import:ontario_heritage_venues,2026-05-18T11:23:53.545414+00:00,yes,ChIJydISiio1K4gRlUBlxQfjf3Q,harbourfront centre|toronto
Meridian Hall,Toronto,ON,1 Front St E,,https://meridianhall.com,,,,import:ontario_heritage_venues,2026-05-18T11:23:53.545498+00:00,yes,ChIJsaFjsC3L1IkRou1YH7q_r0A,meridian hall|toronto
Rebel Entertainment Complex,Toronto,ON,11 Polson St,,https://rebeltoronto.com,,,,import:ontario_heritage_venues,2026-05-18T11:23:53.545582+00:00,yes,ChIJf-y30R7L1IkR2hsXeVvm6hI,rebel entertainment complex|toronto
Queen's Landing Hotel,Niagara-on-the-Lake,ON,155 Byron St,,https://vintage-hotels.com,,,,import:ontario_heritage_venues,2026-05-18T11:23:53.545667+00:00,yes,ChIJ60yBO3Zf04kRWN0PMiDTm2Y,queens landing hotel|niagaraonthelake
Pillar and Post Inn,Niagara-on-the-Lake,ON,48 John St W,,https://vintage-hotels.com,,,,import:ontario_heritage_venues,2026-05-18T11:23:53.545752+00:00,duplicate,ChIJrQ_XKhNf04kRwmrBMkPFAYM,pillar and post inn|niagaraonthelake
Prince of Wales Hotel,Niagara-on-the-Lake,ON,6 Picton St,,https://vintage-hotels.com,,,,import:ontario_heritage_venues,2026-05-18T11:23:53.545837+00:00,yes,ChIJZWITMHFf04kRzGlJxm2J9jc,prince of wales hotel|niagaraonthelake
White Oaks Resort & Spa,Niagara-on-the-Lake,ON,253 Taylor Rd,,https://whiteoaksresort.com,,,,import:ontario_heritage_venues,2026-05-18T11:23:53.545922+00:00,duplicate,ChIJ_QPLyvBa04kRW9IL73-PL3Y,white oaks resort spa|niagaraonthelake
Niagara-on-the-Lake Golf Club,Niagara-on-the-Lake,ON,143 Front St,,https://notlgolf.com,,,,import:ontario_heritage_venues,2026-05-18T11:23:53.546007+00:00,yes,ChIJNRbKqGVf04kRa_Y24m-c5vs,niagaraonthelake golf club|niagaraonthelake
Shaw Club Hotel,Niagara-on-the-Lake,ON,92 Picton St,,https://shawclub.com,,,,import:ontario_heritage_venues,2026-05-18T11:23:53.546092+00:00,yes,ChIJL5GnmnZf04kR6l_MBDyFQ70,shaw club hotel|niagaraonthelake
Oban Inn,Niagara-on-the-Lake,ON,160 Front St,,https://obaninn.ca,,,,import:ontario_heritage_venues,2026-05-18T11:23:53.546175+00:00,yes,ChIJEyL78Xpf04kRLwy28_F0Xzg,oban inn|niagaraonthelake
Harbour House Hotel,Niagara-on-the-Lake,ON,85 Melville St,,https://harbourhousehotel.ca,,,,import:ontario_heritage_venues,2026-05-18T11:23:53.546262+00:00,yes,ChIJdZUA13df04kRvcMajT0Yjq4,harbour house hotel|niagaraonthelake
Gate House Hotel,Niagara-on-the-Lake,ON,142 Queen St,,https://124queen.com,,,,import:ontario_heritage_venues,2026-05-18T11:23:53.546345+00:00,duplicate,ChIJq67mPFxf04kRp56NJKBlzZ0,gate house hotel|niagaraonthelake
Moffat Inn,Niagara-on-the-Lake,ON,60 Picton St,,https://moffatinn.com,,,,import:ontario_heritage_venues,2026-05-18T11:23:53.546430+00:00,yes,ChIJZ9bsx3Zf04kRWbnuQfFPrH0,moffat inn|niagaraonthelake
Riverbend Inn,Niagara-on-the-Lake,ON,16104 Niagara River Pkwy,,https://riverbendinn.ca,,,,import:ontario_heritage_venues,2026-05-18T11:23:53.546518+00:00,duplicate,ChIJmbE3TqZf04kRLadV2M6kZOk,riverbend inn|niagaraonthelake
Kurtz Orchards Gracewood Estate,Niagara-on-the-Lake,ON,16052 Niagara River Pkwy,,https://kurtzorchards.com,,,,import:ontario_heritage_venues,2026-05-18T11:23:53.546604+00:00,duplicate,ChIJJaFSfuVB04kRtVLqSS4DDjk,kurtz orchards gracewood estate|niagaraonthelake
Pillar and Post Gardens,Niagara-on-the-Lake,ON,526 Regent St,,https://vintage-hotels.com,,,,import:ontario_heritage_venues,2026-05-18T11:23:53.546691+00:00,duplicate,ChIJ3WBut3Nf04kRUt86mie2LeY,pillar and post gardens|niagaraonthelake
Willowbank Estate,Queenston,ON,14487 Niagara River Pkwy,,https://willowbank.ca,,,,import:ontario_heritage_venues,2026-05-18T11:23:53.546776+00:00,yes,ChIJa9KKL7Rd04kRDtb8i-zQyOo,willowbank estate|queenston
McFarland House,Niagara-on-the-Lake,ON,15927 Niagara River Pkwy,,https://niagaraparks.com,,,,import:ontario_heritage_venues,2026-05-18T11:23:53.546860+00:00,yes,ChIJYdIWVZ5f04kRCVQJiUKHObk,mcfarland house|niagaraonthelake
Queenston Heights,Queenston,ON,Niagara River Pkwy,,https://niagaraparks.com,,,,import:ontario_heritage_venues,2026-05-18T11:23:53.546945+00:00,yes,ChIJ-fF1_bpd04kRDEZLJZ0zWdA,queenston heights|queenston
Battlefield House Museum,Stoney Creek,ON,77 King St W,,https://battlefieldhouse.ca,,,,import:ontario_heritage_venues,2026-05-18T11:23:53.547028+00:00,yes,ChIJFe9Xu_WYLIgR5sEJWM6I4rc,battlefield house museum|stoney creek
Hamilton Museum of Steam,Hamilton,ON,900 Woodward Ave,,https://hamiltonmuseums.ca,,,,import:ontario_heritage_venues,2026-05-18T11:23:53.547113+00:00,yes,ChIJtbfvzzKfLIgRgJV7nn7-p0k,hamilton museum of steam|hamilton
Dundurn Castle,Hamilton,ON,610 York Blvd,,https://hamiltonmuseums.ca,,,,import:ontario_heritage_venues,2026-05-18T11:23:53.547198+00:00,duplicate,ChIJb5xiFYOcLIgReoQiKQE6ryY,dundurn castle|hamilton
Liuna Station,Hamilton,ON,360 James St N,,https://liunastation.com,,,,import:ontario_heritage_venues,2026-05-18T11:23:53.547281+00:00,yes,ChIJ-y2taHicLIgRN-gz4QgmZCg,liuna station|hamilton
The Lakeview,Hamilton,ON,308 Lakeview Dr,,https://thelakeview.ca,,,,import:ontario_heritage_venues,2026-05-18T11:23:53.547365+00:00,yes,ChIJ1a4mNTGfLIgR61_CeQ_32jU,the lakeview|hamilton
Michelangelo Events & Convention,Hamilton,ON,1555 Upper Ottawa St,,https://michelangeloevent.com,,,,import:ontario_heritage_venues,2026-05-18T11:23:53.547451+00:00,duplicate,ChIJUzsyGw-aLIgROpRM7KBGsXU,michelangelo events convention|hamilton
The Diplomat Banquet Centre,Stoney Creek,ON,245 Barton St E,,https://diplomatbanquet.com,,,,import:ontario_heritage_venues,2026-05-18T11:23:53.547537+00:00,yes,ChIJ4cVt9oSbLIgRlfxXH3q-ebo,the diplomat banquet centre|stoney creek
Valentino's Banquet,Hamilton,ON,1020 Stonechurch Rd E,,https://valentinobanquet.com,,,,import:ontario_heritage_venues,2026-05-18T11:23:53.547621+00:00,yes,ChIJLXxTd16bLIgRAKB6P4J0YcE,valentinos banquet|hamilton
Waterfront Centre,Burlington,ON,1340 Lakeshore Rd,,https://waterfrontcentre.ca,,,,import:ontario_heritage_venues,2026-05-18T11:23:53.547705+00:00,yes,ChIJVSzqBzCeLIgRoSm3kxg2r6s,waterfront centre|burlington
The Pearle Hotel & Spa,Burlington,ON,1 Pearle Dr,,https://thepearlehospitality.com,,,,import:ontario_heritage_venues,2026-05-18T11:23:53.547788+00:00,duplicate,ChIJr3Vn6C-eLIgR_-v5LxWZXnE,the pearle hotel spa|burlington
LaSalle Park Pavilion,Burlington,ON,50 North Shore Blvd E,,https://burlington.ca,,,,import:ontario_heritage_venues,2026-05-18T11:23:53.547875+00:00,duplicate,ChIJvf0ho8ydLIgREGLpFyNiDUg,lasalle park pavilion|burlington
Spencer's at the Waterfront,Burlington,ON,1340 Lakeshore Rd,,https://spencersonthewater.com,,,,import:ontario_heritage_venues,2026-05-18T11:23:53.547968+00:00,yes,ChIJ65ABXzmeLIgRmncYhd7kjAE,spencers at the waterfront|burlington
Kerncliff Park,Burlington,ON,Appendix Rd,,https://burlington.ca,,,,import:ontario_heritage_venues,2026-05-18T11:23:53.548225+00:00,yes,ChIJ34SEAHJiK4gRznhPdPM1nf0,kerncliff park|burlington
Bronte Creek Provincial Park,Oakville,ON,1219 Burloak Dr,,https://ontarioparks.com,,,,import:ontario_heritage_venues,2026-05-18T11:23:53.548309+00:00,yes,ChIJH6sXADNnK4gRnxlvqEXG_2I,bronte creek provincial park|oakville
Glen Abbey Golf Club,Oakville,ON,1333 Dorval Dr,,https://glennabbey.com,,,,import:ontario_heritage_venues,2026-05-18T11:23:53.548394+00:00,yes,ChIJD9tDsRJdK4gRRrqHv_AmQh8,glen abbey golf club|oakville
Sixteen Mile Sports Complex,Oakville,ON,3070 Neyagawa Blvd,,https://oakville.ca,,,,import:ontario_heritage_venues,2026-05-18T11:23:53.548481+00:00,yes,ChIJZ6moSPJnK4gRcFEd_ioDPZo,sixteen mile sports complex|oakville
Paletta Mansion,Burlington,ON,4280 Lakeshore Rd,,https://burlington.ca,,,,import:ontario_heritage_venues,2026-05-18T11:23:53.548564+00:00,yes,ChIJqZVXbxBhK4gR1eZsrKk34OA,paletta mansion|burlington
Ancaster Mill,Ancaster,ON,548 Old Dundas Rd,,https://ancastermill.com,,,,import:ontario_heritage_venues,2026-05-18T11:23:53.548648+00:00,yes,ChIJw8bLFK2FLIgR8YHJ5eEoWO8,ancaster mill|ancaster
Tiffany Hills,Hamilton,ON,845 Garth St,,https://tiffanyhills.ca,,,,import:ontario_heritage_venues,2026-05-18T11:23:53.548730+00:00,yes,ChIJ5WdIrUCFLIgRzACNOyN-3NU,tiffany hills|hamilton
Carmens Group,Hamilton,ON,1520 Stone Church Rd E,,https://carmensgroup.com,,,,import:ontario_heritage_venues,2026-05-18T11:23:53.548858+00:00,yes,ChIJ_YlRT_ybLIgRO6rzOtjfR3g,carmens group|hamilton
Liuna Gardens,Hamilton,ON,526 Barton St E,,https://liunagardens.com,,,,import:ontario_heritage_venues,2026-05-18T11:23:53.548941+00:00,yes,ChIJAdJLOXOkLIgRSbbRoXqJHKU,liuna gardens|hamilton
Strathmere Inn,Stittsville,ON,2nd Line Rd,,https://strathmere.com,,,,import:ontario_heritage_venues,2026-05-18T11:23:53.549106+00:00,yes,ChIJ_Rcg3orlzUwRl00ewYv31B8,strathmere inn|stittsville
National Arts Centre,Ottawa,ON,1 Elgin St,,https://nac-cna.ca,,,,import:ontario_heritage_venues,2026-05-18T11:23:53.549271+00:00,yes,ChIJp3qCIwAFzkwR2vqtlclT6hs,national arts centre|ottawa
Canadian Museum of History,Gatineau,ON,100 Laurier St,,https://historymuseum.ca,,,,import:ontario_heritage_venues,2026-05-18T11:23:53.549358+00:00,not_found,,canadian museum of history|gatineau
Rideau Hall,Ottawa,ON,1 Sussex Dr,,https://gg.ca,,,,import:ontario_heritage_venues,2026-05-18T11:23:53.549580+00:00,yes,ChIJ7wj3st4EzkwRo_3igRJuR54,rideau hall|ottawa
Shaw Centre,Ottawa,ON,55 Colonel By Dr,,https://shawcentre.ca,,,,import:ontario_heritage_venues,2026-05-18T11:23:53.549666+00:00,yes,ChIJI5aPAgEFzkwR_mq5AdiVNJ0,shaw centre|ottawa
Infinity Convention Centre,Ottawa,ON,2901 Gibford Dr,,https://infinityconventioncentre.com,,,,import:ontario_heritage_venues,2026-05-18T11:23:53.549836+00:00,yes,ChIJu_olt4kIzkwR5Kp6Q0QuXDk,infinity convention centre|ottawa
Lago Bar and Grill,Ottawa,ON,1 First Ave,,https://lagottawa.com,,,,import:ontario_heritage_venues,2026-05-18T11:23:53.549921+00:00,yes,ChIJp4XIps0FzkwRSO58xmiaUz8,lago bar and grill|ottawa
Lago Event Centre,Ottawa,ON,1 First Ave,,https://lagottawa.com,,,,import:ontario_heritage_venues,2026-05-18T11:23:53.550006+00:00,duplicate,ChIJp4XIps0FzkwRSO58xmiaUz8,lago event centre|ottawa
Fairmont Chateau Laurier,Ottawa,ON,1 Rideau St,,https://fairmont.com,,,,import:ontario_heritage_venues,2026-05-18T11:23:53.550090+00:00,yes,ChIJRZDfKP4EzkwRBRK0cMq74no,fairmont chateau laurier|ottawa
The Westin Ottawa,Ottawa,ON,11 Colonel By Dr,,https://marriott.com,,,,import:ontario_heritage_venues,2026-05-18T11:23:53.550175+00:00,yes,ChIJHQXKrwEFzkwRXNCeT95av10,the westin ottawa|ottawa
Hilton Lac Leamy,Gatineau,ON,3 Boulevard du Casino,,https://hilton.com,,,,import:ontario_heritage_venues,2026-05-18T11:23:53.550259+00:00,not_found,,hilton lac leamy|gatineau
Le Belvedere,Wakefield,ON,651 Chemin Riverside,,https://lebelvedere.ca,,,,import:ontario_heritage_venues,2026-05-18T11:23:53.550343+00:00,not_found,,le belvedere|wakefield
Haliburton Forest,Haliburton,ON,1095 Redkenn Rd,,https://haliburtonforest.com,,,,import:ontario_heritage_venues,2026-05-18T11:23:53.550429+00:00,yes,ChIJq6qqqhqm1UwR0jfzQiyFoG4,haliburton forest|haliburton
Sir Sam's Inn,Eagle Lake,ON,1491 Sir Sams Rd,,https://sirsams.com,,,,import:ontario_heritage_venues,2026-05-18T11:23:53.550515+00:00,duplicate,ChIJZ_WPQ32u1UwRQ4NqvboYF2c,sir sams inn|eagle lake
Eganridge Inn,Fenelon Falls,ON,26 Country Club Ln,,https://eganridge.com,,,,import:ontario_heritage_venues,2026-05-18T11:23:53.550600+00:00,duplicate,ChIJFxMh40IO1UwR_HphOruC97E,eganridge inn|fenelon falls
Viamede Resort,Woodview,ON,595 Mount Julian Viamede Rd,,https://viamede.com,,,,import:ontario_heritage_venues,2026-05-18T11:23:53.550767+00:00,yes,ChIJo1PSBG641EwRYaW1X3FJhSg,viamede resort|woodview
Lock 34 Events,Bobcaygeon,ON,68 Canal St E,,https://lock34.ca,,,,import:ontario_heritage_venues,2026-05-18T11:23:53.550850+00:00,yes,ChIJ_QFUmB_X1EwRGtmsY-llZfQ,lock 34 events|bobcaygeon
Galahad Guest Ranch,Minden,ON,1005 Galahad Rd,,https://galahadguestranch.com,,,,import:ontario_heritage_venues,2026-05-18T11:23:53.550934+00:00,yes,ChIJmf9Yr2sO1UwRn8iRf8zMtm4,galahad guest ranch|minden
Sir Sam's Inn,Haliburton,ON,1491 Sir Sams Rd,,https://sirsams.com,,,,import:ontario_heritage_venues,2026-05-18T11:23:53.551017+00:00,duplicate,ChIJZ_WPQ32u1UwRQ4NqvboYF2c,sir sams inn|haliburton
Delta Hotels Sault Ste Marie,Sault Ste. Marie,ON,208 St. Mary's River Dr,,https://marriott.com,,,,import:ontario_heritage_venues,2026-05-18T11:23:53.551101+00:00,yes,ChIJ--QZ2bU5Nk0R-1xwy1eW8mY,delta hotels sault ste marie|sault ste marie
Station Arts Centre,Tillsonburg,ON,41 Bridge St W,,https://stationarts.ca,,,,import:ontario_heritage_venues,2026-05-18T11:23:53.551221+00:00,yes,ChIJR9zK-fErLIgRA04zKuDOQ0M,station arts centre|tillsonburg
Norfolk Arts Centre,Simcoe,ON,21 Lynnwood Ave,,https://norfolkartscentre.ca,,,,import:ontario_heritage_venues,2026-05-18T11:23:53.551307+00:00,yes,ChIJB1Qn3d5NLIgRZRTv1MnhdRs,norfolk arts centre|simcoe
Delhi Tobacco Museum,Delhi,ON,200 Talbot Rd,,https://delhimuseum.com,,,,import:ontario_heritage_venues,2026-05-18T11:23:53.551390+00:00,yes,ChIJwWkldEZFLIgRr4y7rEu20Kw,delhi tobacco museum|delhi
Port Dover Harbour Museum,Port Dover,ON,44 Harbour St,,https://portdovermuseum.ca,,,,import:ontario_heritage_venues,2026-05-18T11:23:53.551475+00:00,yes,ChIJpSgodXBTLIgRlFvtwL02788,port dover harbour museum|port dover
Long Point Eco-Adventures,St. Williams,ON,1730 Front Rd,,https://lpfun.ca,,,,import:ontario_heritage_venues,2026-05-18T11:23:53.551558+00:00,yes,ChIJHzSpHV-xLYgRaMlLb5T5DJk,long point ecoadventures|st williams
