place_id,name,address,city,province,postal_code,phone,website,category,capacity_min,capacity_max,coordinator_name,coordinator_email,coordinator_phone,venue_type,catering,accommodations,indoor_outdoor,rating,review_count,google_closed,has_weddings_page,weddings_page_url,has_packages,packages,has_pricing,has_testimonials,booking_platform,instagram_handle,wedding_readiness_score,score_reasoning,description,source,scraped_at,enriched_at
ChIJRTL7KtdwKogRq1HChw3A1Gk,Blue Mountain,"190 Gord Canning Dr, The Blue Mountains, ON L9Y 1C2, Canada",Collingwood,ON,L9Y 1C2,(833) 583-2583,https://www.bluemountain.ca/,Wedding Venue,,,,,,resort,unknown,yes,unknown,4.4,20153,no,yes,https://www.bluemountain.ca/weddings,unknown,,no,no,,,92,"Premier mountain resort with dedicated weddings page, bills itself as 'Canada's #1 Mountain Wedding Destination' with wedding coordinators and galleries mentioned in meta description.",Blue Mountain Resort is Canada's premier mountain wedding destination offering stunning Ontario scenery and professional wedding coordination services.,import:ontario_heritage_venues,2026-05-18T11:27:59.241794+00:00,2026-05-18T11:54:46.725860+00:00
ChIJ_QPLyvBa04kRW9IL73-PL3Y,White Oaks Conference Resort and Spa,"253 Taylor Rd, Niagara-on-the-Lake, ON L0S 1J0, Canada",Niagara-on-the-Lake,ON,L0S 1J0,(800) 263-5766,http://www.whiteoaksresort.com/,Wedding Venue,,,,,,resort,unknown,yes,unknown,4.7,6704,no,yes,https://www.whiteoaksresort.com/weddings/,unknown,,no,unknown,,@white_oaks,92,"Premier resort with dedicated weddings page, professional SEO optimization for wedding searches, and clear positioning as a Niagara-on-the-Lake wedding destination with accommodations.",White Oaks Resort & Spa offers elegant Niagara-on-the-Lake weddings with full resort amenities. Your perfect event partner for a dream celebration.,google_places,2026-05-17T23:05:14.914328,2026-05-18T00:59:19.638961+00:00
ChIJWfGFlPB1LIgR9Wg6VTmerqQ,Langdon Hall Country House Hotel & Spa,"1 Langdon Dr, Cambridge, ON N3H 4R8, Canada",Cambridge,ON,N3H 4R8,(519) 740-2100,https://www.langdonhall.ca/,Wedding Venue,,,,,,hotel,unknown,yes,unknown,4.7,2174,no,yes,https://www.langdonhall.ca/weddings,no,,no,no,,@langdonhall,92,Premier country house hotel with dedicated weddings page URL and established luxury property known for hosting weddings with spa and accommodations onsite.,"An elegant country house hotel and spa set on a historic estate, offering refined wedding celebrations with luxury accommodations and sophisticated grounds.",google_places,2026-05-17T23:48:58.150980+00:00,2026-05-18T02:39:08.604456+00:00
ChIJ60yBO3Zf04kRWN0PMiDTm2Y,Queen's Landing,"155 Byron St, Niagara-on-the-Lake, ON L0S 1J0, Canada",Niagara-on-the-Lake,ON,L0S 1J0,(905) 468-2195,https://www.vintage-hotels.com/queens-landing/?utm_source=google&utm_medium=organic&utm_campaign=Google%20My%20Business,Wedding Venue,,,,,,hotel,unknown,yes,unknown,4.4,1872,no,yes,https://www.vintage-hotels.com/queens-landing/weddings,no,,no,no,,,92,"Premier hotel property in Niagara-on-the-Lake with dedicated weddings page URL visible, meta description explicitly mentions weddings, and hotel infrastructure with accommodations ideal for destination weddings.",An opulent Georgian mansion overlooking the river in Niagara-on-the-Lake. The perfect location for your wedding with elegant event spaces and onsite accommodations.,import:ontario_heritage_venues,2026-05-18T11:29:42.107253+00:00,2026-05-18T12:04:46.477880+00:00
ChIJA4Oa7PCZLIgR4jdPQz3NyI4,Carmen's Event Centre,"1520 Stone Church Rd E, Hamilton, ON L8W 3P9, Canada",Hamilton,ON,L8W 3P9,(905) 387-9490,http://www.carmens.com/,Wedding Venue,,,,,,banquet hall,unknown,unknown,unknown,4.5,1847,no,yes,https://carmens.com/wedding-venue/,yes,all-inclusive wedding packages with planning services,no,yes,,,92,"Dedicated wedding venue page with clear wedding focus, all-inclusive packages, planning services, and professional branding as Hamilton's premier wedding venue.","Classic, elegant wedding venue in Hamilton offering stress-free, affordable all-inclusive packages and planning services for stylish celebrations.",google_places,2026-05-17T23:20:31.868874+00:00,2026-05-18T01:19:27.536050+00:00
ChIJ1Ug_PrEvK4gR-CHqaM2sTEU,Paradise Banquet & Convention Centre,"7601 Jane St, Concord, ON L4K 1X2, Canada",Vaughan,ON,L4K 1X2,(416) 661-6612,https://paradisebanquethalls.com/,Wedding Venue,,,,,,banquet hall,unknown,unknown,both,4.5,1752,no,yes,https://paradisebanquethalls.com/,unknown,,no,unknown,,,95,"Premier wedding venue with dedicated wedding focus evident in page title, meta description highlighting garden ceremonies and six opulent ballrooms, and comprehensive wedding-focused keywords.",Celebrate at Paradise with garden ceremonies and six elegant ballrooms in the Toronto/Vaughan area. Indoor and outdoor options for your perfect day.,google_places,2026-05-17T23:29:18.801138+00:00,2026-05-18T01:51:55.642730+00:00
ChIJZejXHbA0K4gRVuq7QVSGyNI,Windsor Arms Hotel,"18 St Thomas St, Toronto, ON M5S 3E7, Canada",Toronto,ON,M5S 3E7,(416) 971-9666,http://windsorarmshotel.com/,Wedding Venue,,,,,,hotel,unknown,yes,unknown,4,1498,no,yes,https://windsorarmshotel.com/weddings/,yes,Multiple wedding packages mentioned,no,no,,,92,"Premier luxury hotel with dedicated weddings page, multiple packages mentioned, and meta description positioning it as a fairytale wedding venue in Toronto.",The Windsor Arms Hotel offers an elegant Toronto wedding venue with multiple packages for your fairytale celebration in the heart of the city.,google_places,2026-05-18T10:09:00.949524+00:00,2026-05-18T10:40:24.669706+00:00
ChIJ5Q9hnDHX1IkRKv02AUZ5VRY,Scarborough Convention Centre,"20 Torham Pl, Scarborough, ON M1X 0B3, Canada",Toronto,ON,M1X 0B3,(416) 335-6060,http://www.scarboroughcc.com/,Wedding Venue,,,,,,banquet hall,unknown,unknown,indoor,4.4,1454,no,no,,no,,no,no,,,92,"Premier wedding venue with weddings prominently featured in hero tagline, meta description, and keywords, plus 42,000 sq ft facility with 20 years experience and 1500+ events hosted.","Scarborough Convention Centre offers elegant wedding experiences in a 42,000 sq ft facility backed by 20 years expertise and over 1500 successful events.",google_places,2026-05-17T23:30:22.103586+00:00,2026-05-18T01:56:36.667334+00:00
ChIJZ-U-paU8K4gRMOHlPaOYDGQ,Embassy Grand Convention Centre and Banquet Hall in Brampton,"8800 The Gore Rd, Brampton, ON L6P 0B1, Canada",Brampton,ON,L6P 0B1,(905) 794-9588,https://www.embassygrand.ca/,Wedding Venue,,,,,,banquet hall,unknown,unknown,both,4.4,1381,no,yes,https://www.embassygrand.ca/weddings-social-events.html,unknown,,no,unknown,,,92,"Premier banquet hall with weddings prominently featured in meta description, dedicated weddings page in navigation, and explicit marketing as leading venue for indoor/outdoor weddings and receptions.",Embassy Grand is Brampton's leading convention centre and banquet hall specializing in indoor and outdoor weddings. This premier venue offers elegant spaces for wedding receptions and social events.,google_places,2026-05-17T23:28:10.907462+00:00,2026-05-18T01:46:24.745105+00:00
ChIJ4VBLtd_Q1IkRxIIqPNz8OsQ,The Estate Banquet & Event Centre,"430 Nugget Ave, Scarborough, ON M1S 4A4, Canada",Toronto,ON,M1S 4A4,(416) 293-9292,http://www.estatebanquets.com/,Wedding Venue,,,,,,banquet hall,unknown,unknown,unknown,4.3,965,no,yes,http://www.estatebanquets.com/,unknown,,no,unknown,,,92,"Premier wedding venue with 'Wedding & Event Venue' prominently in title, meta description emphasizes weddings first, and name includes 'Banquet & Event Centre' clearly targeting the wedding market.",Toronto's premier banquet hall combining historic charm with modern elegance. A meticulously restored venue perfect for weddings and celebrations.,google_places,2026-05-17T23:30:21.523154+00:00,2026-05-18T01:56:25.650921+00:00
ChIJ0cdv11NeKk0RnWua30gH544,Windermere House,"2508 Windermere Rd, Windermere, ON P0B 1M0, Canada",Windermere,ON,P0B 1M0,(705) 769-3611,http://www.windermerehouse.com/,Wedding Venue,,,,,,resort,unknown,yes,both,4.4,869,no,yes,https://windermerehouse.com/weddings/,unknown,,no,no,,,92,"Premier lakefront resort with dedicated weddings page, SEO-optimized for wedding searches, offering indoor and outdoor lakefront event spaces in Muskoka.",Windermere House is a Lake Rosseau resort offering exquisite indoor and outdoor lakefront wedding venues in Muskoka's stunning natural setting.,google_places,2026-05-17T23:43:36.004525+00:00,2026-05-18T02:29:44.542924+00:00
ChIJx8B7t_I71YkRQk2wdLqlCYE,Wooden Sticks Golf Club,"40 Elgin Park Dr, Uxbridge, ON L9P 1N2, Canada",Uxbridge,ON,L9P 1N2,(905) 852-4379,http://www.woodensticks.com/,Wedding Venue,,,,,,golf club,in-house only,yes,both,4.6,831,no,yes,http://www.woodensticks.com/weddings,yes,Wedding packages available,no,no,,,92,"Dedicated weddings page with SEO optimization, mentions award-winning cuisine, outdoor ceremony site, on-site accommodations, and wedding packages—clearly a premier golf club wedding venue.","Wooden Sticks Golf Club in Uxbridge offers elegant weddings with award-winning cuisine, scenic outdoor ceremony sites, and convenient on-site accommodations.",google_places,2026-05-18T10:25:06.011260+00:00,2026-05-18T11:15:24.791690+00:00
ChIJRY7aMIzS1IkRjXW538RdGhg,Graydon Hall Manor,"185 Graydon Hall Dr, North York, ON M3A 3B1, Canada",Toronto,ON,M3A 3B1,(416) 449-5432,http://www.graydonhall.com/,Wedding Venue,,,,,,estate,in-house only,unknown,both,4.5,558,no,yes,https://www.graydonhall.com/gallery/weddings/,no,,no,no,,,92,"Premier estate wedding venue with dedicated weddings page, mentions highly personalized service including custom menus, couture cocktails, tailored floor plans, linens, floral, and lighting design.","Graydon Hall Manor is an elegant Toronto estate offering personalized wedding service with custom menus, tailored décor, and attentive staff dedicated to every detail.",google_places,2026-05-17T23:26:04.250675+00:00,2026-05-18T01:36:42.742899+00:00
ChIJPzk1ORbhzUwRgfjc3hxJZ7M,Orchard View Wedding & Event Centre,"6346 Deermeadow Dr, Greely, ON K4P 1M9, Canada",Ottawa,ON,K4P 1M9,(613) 821-2675,http://www.orchardview.ca/,Wedding Venue,,,,,,banquet hall,unknown,unknown,both,4.7,528,no,yes,http://www.orchardview.ca/,no,,no,no,,,95,"This is explicitly a wedding and event centre with 'Wedding' in its business name, heavily SEO-optimized for Ottawa wedding venue searches, and markets itself as Ottawa's top venue for weddings.",Orchard View Wedding & Event Centre is Ottawa's premier destination for weddings and special events. Stunning spaces with both outdoor and indoor options create unforgettable moments.,google_places,2026-05-18T00:00:17.279053+00:00,2026-05-18T03:10:45.099722+00:00
ChIJG-GzN4nlzUwRpMxzYuFx9bQ,Strathmere Country Estate,"1980 Phelan Rd W Reception Office, Ottawa, ON K0A 2T0, Canada",Ottawa,ON,K0A 2T0,(613) 489-2409,https://www.strathmere.com/?utm_campaign=gmb,Wedding Venue,,,,,,estate,unknown,yes,both,4.5,526,no,yes,https://www.strathmere.com/?utm_campaign=gmb/weddings,unknown,,no,unknown,,,92,"Premier country estate with weddings prominently featured in title/meta, 200 pastoral acres, historic barn from 1860s, on-site lodgings, and rich heritage since 1825.","Historic 200-acre country estate near Ottawa featuring a restored 1860s barn, cozy lodgings, and pastoral grounds. Farm-fresh dining and timeless elegance.",google_places,2026-05-18T00:00:14.127556+00:00,2026-05-18T03:10:20.650787+00:00
ChIJDSZ1prK5LogRcI6_GnYtewM,St. Marys Golf & Country Club,"769 Queen St E, St. Marys, ON N4X 1G2, Canada",Saint Marys,ON,N4X 1G2,(519) 284-3704,http://stmarysgolf.com/,Wedding Venue,,,,,,golf club,in-house only,yes,both,4.6,504,no,yes,https://www.stmaryswedding.ca,yes,All-inclusive wedding services with planning and coordination,no,no,,,95,"Premier dedicated wedding venue with separate wedding brand, full-service all-inclusive packages, onsite accommodations, and comprehensive wedding-focused marketing.","St. Marys Weddings is a premier full-service venue offering all-inclusive wedding packages with timeless ceremony and reception spaces, premium catering, and luxurious onsite accommodations in Southwestern Ontario.",google_places,2026-05-18T10:23:12.036810+00:00,2026-05-18T11:12:33.616363+00:00
ChIJ5d3HRxcGzkwRME8iSAKq7eg,Saint Elias Banquet Centre,"750 Ridgewood Ave, Ottawa, ON K1V 6N1, Canada",Ottawa,ON,K1V 6N1,(613) 737-4997,http://www.steliascentre.com/,Wedding Venue,,,,,,banquet hall,unknown,unknown,indoor,4.5,478,no,yes,http://www.steliascentre.com/weddings.php,unknown,,no,no,,,92,"Premier wedding venue with 'Wedding Venue Ottawa' as primary title tag, dedicated weddings navigation item, and self-description as elegant event centre ideal for weddings.","St. Elias Centre is one of Ottawa's most elegant yet modern banquet halls, offering the ideal wedding venue to create the event of your dreams.",google_places,2026-05-18T00:00:24.030251+00:00,2026-05-18T03:12:08.687762+00:00
ChIJX17R7yl3LIgRO-vhVof8FjQ,Tapestry Hall,"74 Grand Ave S, Cambridge, ON N1S 2L9, Canada",Cambridge,ON,N1S 2L9,(226) 476-1186,https://bit.ly/2VJgrF5,Wedding Venue,25,1000,,,,banquet hall,in-house only,unknown,unknown,4.6,398,no,yes,https://www.tapestryhall.ca/weddings,unknown,,no,unknown,,,92,"Premier wedding venue with weddings prominently featured in meta description, dedicated weddings page image visible, clear capacity range stated (25-1000 guests), and five-star catering mentioned.",Versatile event venue offering five-star catering for intimate gatherings to grand celebrations. Accommodate 25 to 1000 guests in flexible spaces.,google_places,2026-05-17T23:47:13.187922+00:00,2026-05-18T02:35:20.677854+00:00
ChIJIc6fO3kM0kwRHYHss-wrDww,Stonefields Estate,"1985 Beckwith 9th Line, Carleton Place, ON K7C 3P2, Canada",Carleton Place,ON,K7C 3P2,(613) 253-3313,http://www.stonefieldsweddings.com/,Wedding Venue,,,,,,estate,unknown,unknown,outdoor,4.8,365,no,yes,https://stonefieldsweddings.com/weddings/,no,,no,no,,@stonefields_estate,95,"Premier wedding venue with dedicated domain stonefieldsweddings.com, dedicated weddings page, estate venue type, and clear wedding focus in all branding and metadata.",An elegant outdoor wedding venue in Ontario offering couples a distinctive estate experience. Discover your perfect day at Stonefields from start to finish.,google_places,2026-05-17T23:54:02.722410+00:00,2026-05-18T02:57:02.063742+00:00
ChIJYdIWVZ5f04kRKtrmm-H_Jtc,Kurtz Orchards Weddings Niagara on the Lake,"16006 Niagara River Pkwy, Niagara-on-the-Lake, ON L0S 1J0, Canada",Niagara-on-the-Lake,ON,L0S 1J0,(905) 468-2937,http://www.kurtzorchards.com/,Wedding Venue,,,,,,winery,unknown,unknown,both,4.3,363,no,yes,https://kurtzorchards.com/niagara-weddings/,no,,no,no,,,92,"Dedicated luxury wedding page at an established Niagara winery with clear focus on weddings, picturesque outdoor and indoor settings, exclusive location positioning, and strong commitment to service.",Kurtz Orchards offers Niagara's most beautiful wedding setting where elegant tradition meets cultivated style with gorgeous venues and scrumptious cuisine.,google_places,2026-05-17T23:04:38.960357,2026-05-18T00:52:56.725795+00:00
ChIJtbNxY6ejLIgRWhF5LcM8dGw,Winona Vine Estates,"269 Glover Rd, Stoney Creek, ON L8E 5H6, Canada",Hamilton,ON,L8E 5H6,(905) 643-1261,http://www.winonavineestates.com/,Wedding Venue,,500,,,,winery,unknown,unknown,indoor,4.7,355,no,yes,http://www.winonavineestates.com/weddings,no,,no,yes,,,92,"Premier wedding venue with dedicated weddings page, clear capacity (500 guests), 18,000 sq ft ballroom facility, and trademark 'only one wedding at a time' exclusivity positioning.","Elegant winery estate with grand 18,000 sq ft ballroom hosting up to 500 guests. Exclusive 'only one wedding at a time' ensures your celebration receives undivided attention.",google_places,2026-05-17T23:16:33.978982+00:00,2026-05-18T01:12:29.648862+00:00
ChIJJSvF-qn6LogRpfAKdnGUuvw,Bellamere Winery And Event Centre,"1260 Gainsborough Rd, London, ON N6H 5K8, Canada",London,ON,N6H 5K8,(519) 473-2273,http://www.bellamere.com/,Wedding Venue,,,,,,winery,unknown,unknown,both,4.5,335,no,yes,https://www.bellamere.com/weddings/,unknown,,no,unknown,,,95,"Premier wedding venue with dedicated weddings page, extensive SEO optimization for wedding searches, and clear positioning as a luxury wedding destination winery.","Bellamere Winery is a romantic luxury wedding venue in London, Ontario, blending elegant charm with natural winery beauty for unforgettable celebrations.",google_places,2026-05-17T23:23:55.053873+00:00,2026-05-18T01:32:45.045172+00:00
ChIJj2M6JALHKogRVc9sVAEII78,Belcroft Estate & Event Centre,"2539 14 Line, Gilford, ON L0L 1R0, Canada",Innisfil,ON,L0L 1R0,(905) 775-3498,http://www.belcroftestate.com/,Wedding Venue,,,,,,barn,unknown,unknown,both,4.7,281,no,yes,http://www.belcroftestate.com/,unknown,,no,no,,,95,"Premier wedding venue with weddings prominently featured in page title, description mentions two distinct wedding venues (century barn and garden tent), and explicitly markets dream weddings with scenic landscapes.","Belcroft Estate offers two stunning wedding venues: a picturesque century barn and an enchanting garden tent, just 45 minutes from the GTA with scenic landscapes.",google_places,2026-05-17T23:23:19.968759+00:00,2026-05-18T01:30:56.580940+00:00
ChIJs4aHw8I0LIgRiqnmNDJjLrI,Cranberry Creek Gardens - Private Event Space,"56 Lynedoch Rd, Delhi, ON N4B 2W4, Canada",Delhi,ON,N4B 2W4,(519) 302-9000,http://cranberrycreekgardens.com/,Wedding Venue,,,,,,estate,unknown,unknown,both,4.8,265,no,yes,http://cranberrycreekgardens.com/weddings,yes,Wedding packages available - page title indicates multiple options,no,no,,,92,"Dedicated wedding packages page with detailed venue description featuring White Chapel, Barn, Century Home, and gardens specifically marketed for wedding celebrations.","A magical garden venue in rural Norfolk County featuring a White Chapel, historic Barn, and Century Home. Cranberry Creek creates relaxed celebrations with picture-perfect backdrops.",google_places,2026-05-17T23:17:08.069429+00:00,2026-05-18T01:15:35.185131+00:00
ChIJJ2gMuJ8d1YkRKLkJIIqQpZk,Tosca Banquet Hall,"800 Champlain Ave, Oshawa, ON L1J 6W8, Canada",Oshawa,ON,L1J 6W8,(905) 404-9400,http://www.toscabanquethall.com/,Wedding Venue,,,,,(905) 404.9400,banquet hall,in-house only,unknown,indoor,4.2,253,no,yes,https://toscabanquethall.com/weddings,yes,Menu options and event packages available,no,yes,,,92,"Dedicated weddings navigation menu with event spaces, menu options, reviews, and tour scheduling demonstrates strong wedding focus as a purpose-built banquet hall.",Tosca Banquet Hall is a dedicated wedding venue offering customizable event spaces and catering packages. Schedule a tour to explore their halls and menu options.,google_places,2026-05-17T23:34:37.210313+00:00,2026-05-18T02:05:46.506981+00:00
ChIJe5PzTmWcLIgRLXplw6oGE54,The Waterfront Banquet & Conference Centre,"555 Bay St N #2, Hamilton, ON L8L 1H1, Canada",Hamilton,ON,L8L 1H1,(905) 581-8823,http://www.thewaterfrontcentre.com/,Wedding Venue,,,,,,banquet hall,unknown,unknown,unknown,4.3,243,no,yes,https://thewaterfrontcentre.com/weddings/,yes,"Wedding packages mentioned, featured on Rich Bride Poor Bride & Four Weddings",no,no,,,92,"Dedicated weddings page, wedding packages offered, and featured on multiple wedding TV shows demonstrates this is a premier wedding venue actively marketing to couples.","The Waterfront Banquet & Conference Centre is an established wedding venue featured on Rich Bride Poor Bride and Four Weddings Canada, offering wedding packages.",google_places,2026-05-17T23:20:33.080429+00:00,2026-05-18T01:19:47.851601+00:00
ChIJR42RtUXEKogR59johCYQZ7s,The Bradford Barn,"3287 Line 9, Bradford, ON L3Z 3S4, Canada",Bradford West Gwillimbury,ON,L3Z 3S4,(705) 229-8750,https://www.thebradfordbarn.com/?utm_source=google&utm_medium=organic&utm_campaign=profile,Wedding Venue,,,,,,barn,unknown,unknown,both,4.6,177,no,yes,https://www.thebradfordbarn.com/weddings,unknown,,no,unknown,,,92,Premier barn wedding venue with 'Wedding & Event Venue' prominently featured in page title and clear dedication to weddings evident from branding and URL structure.,The Bradford Barn is a charming wedding and event venue near Toronto. This rustic barn space offers couples an elegant countryside setting for their celebration.,google_places,2026-05-17T23:30:53.144091+00:00,2026-05-18T01:57:53.654801+00:00
ChIJ84U01a-b1YkRDKIWVZsaiEk,Century Barn Weddings and Events,"400 Stewart Line, Cavan, ON L0A 1C0, Canada",Cavan,ON,L0A 1C0,(647) 637-9877,http://www.centurybarnweddings.com/,Wedding Venue,,,,,,barn,unknown,unknown,unknown,4.9,167,no,yes,https://centurybarnweddings.com/weddings/,no,,no,no,,@centurybarnweddings,95,"Premier wedding venue with 'Weddings' literally in the business name, dedicated weddings page, active social media presence, and metadata describing picturesque barn setting for special moments.",Century Barn offers a picturesque rural setting where every corner of the barn and property creates unique photo opportunities for your special day.,google_places,2026-05-17T23:15:37.974433+00:00,2026-05-18T01:09:47.271850+00:00
ChIJgcqvYAo-KYgRKo_Ki5CV_xs,Brussels Four Winds Barn- Wedding and Events Space,"60 Orchard Ln, Brussels, ON N0G 1H0, Canada",Owen Sound,ON,N0G 1H0,(519) 998-3014,http://fourwindsbarn.com/,Wedding Venue,,,,,,barn,unknown,unknown,unknown,4.8,155,no,yes,http://fourwindsbarn.com/,no,,no,no,,,92,"Premier wedding barn venue with 'Wedding & Event Barn' prominently in title, meta descriptions emphasize weddings first, and explicitly states 'Now booking weddings' as primary offering.","Beautiful barn wedding venue with elegant rustic appeal near London, Kitchener-Waterloo and GTA. Hosts weddings, private events and conferences in Brussels, Ontario.",google_places,2026-05-18T00:10:20.659048+00:00,2026-05-18T03:39:27.128683+00:00
ChIJ25ByBwdV00wRCvxFGzU1Hs0,Humble Beginnings Event Venue,"8700 County Rd 30, Havelock, ON K0L 1Z0, Canada",Havelock,ON,K0L 1Z0,(289) 731-2007,https://www.humbleevents.ca/,Wedding Venue,,,,,,barn,in-house only,unknown,both,4.7,147,no,yes,https://www.humbleevents.ca/weddings,yes,All-inclusive curated packages,no,no,,,92,"Dedicated weddings page with clear wedding focus, all-inclusive packages, indoor/outdoor spaces, one wedding per day privacy model, and strong SEO optimization for wedding searches.",All-inclusive country wedding venue near Peterborough offering indoor/outdoor spaces and curated packages. One wedding per day ensures complete privacy for your celebration.,google_places,2026-05-18T00:02:34.349793+00:00,2026-05-18T03:21:32.467852+00:00
ChIJ274VAhvxK4gRXV75Au5BOkM,Elle by Stella Wedding Villa and Gardens,"635 Hawkesville Rd, St. Jacobs, ON N0B 2N0, Canada",St. Jacobs,ON,N0B 2N0,(548) 255-2647,http://www.ellebystella.ca/,Wedding Venue,,,,,,estate,unknown,unknown,both,4.8,144,no,yes,http://www.ellebystella.ca/,no,,no,no,,,95,"The venue name explicitly identifies itself as a 'Wedding Villa and Gardens', making weddings its primary and dedicated business purpose.",Elle by Stella Wedding Villa and Gardens is an elegant estate venue offering both villa and garden settings for your special day in a romantic atmosphere.,google_places,2026-05-17T23:47:10.621877+00:00,2026-05-18T02:34:37.474146+00:00
ChIJJQCjeG_z1YkRPBBRVhuH00A,Farmhill Weddings,"2709 Dillon Rd, Peterborough, ON K9J 6X8, Canada",Peterborough,ON,K9J 6X8,(705) 930-4877,http://www.farmhillweddings.com/,Wedding Venue,,,,,,farm,unknown,unknown,unknown,4.8,144,no,yes,https://farmhillweddings.com/weddings,no,,no,no,,,92,"Dedicated wedding venue with brand name 'Farmhill Weddings', dedicated weddings page with SEO optimization, and meta description explicitly marketing refined countryside wedding experiences.","Farmhill offers refined countryside weddings near Peterborough, Ontario. Experience a seamless, stress-free celebration in an elegant farm setting.",google_places,2026-05-17T23:31:41.524935+00:00,2026-05-18T01:59:45.985154+00:00
ChIJN0PUzyIa0kwRE6Rbcsr2x50,Evermore Weddings & Events,"4960 County Rd 29, Almonte, ON K0A 1A0, Canada",Mississippi Mills,ON,K0A 1A0,(613) 552-1424,http://evermoreweddingsandevents.ca/,Wedding Venue,,,,,,barn,unknown,unknown,unknown,4.8,143,no,yes,https://evermoreweddingsandevents.ca/wedding-packages/,yes,Wedding packages with drinks and rates available,yes,unknown,,,95,"Premier dedicated wedding venue with 'Weddings' literally in the business name, dedicated wedding packages page with pricing, and described as a rustic wedding venue in Ottawa.",Evermore is a unique rustic wedding venue in Ottawa offering comprehensive wedding packages with drinks and transparent pricing for your special day.,google_places,2026-05-18T00:00:13.529225+00:00,2026-05-18T03:10:11.886449+00:00
ChIJIQSi-EeKKk0Rz8EG3jcZaQM,Brooklands Farm,"1375 Butter & Egg Rd, Bracebridge, ON P1L 0J9, Canada",Bracebridge,ON,P1L 0J9,(705) 764-1888,https://brooklandsfarm.ca/,Wedding Venue,,,,,,barn,unknown,yes,both,4.8,141,no,yes,https://brooklandsfarm.ca/wedding/,yes,"Large, Small & Elopement packages",no,no,,,92,"Dedicated weddings page with clear barn venue positioning, multiple package tiers (Large, Small, Elopement), barn and outdoor tent facilities, log cabin accommodations, and strong wedding-focused SEO optimization.",Stunning Muskoka barn wedding venue with rustic charm and farm backdrops. Offers flexible packages from intimate elopements to large celebrations with barn and tent.,google_places,2026-05-17T23:41:39.520050+00:00,2026-05-18T02:21:52.744513+00:00
ChIJgYSjNwA104kRLjl5Is8Ozf4,Kehoe & Kin - Niagara Wedding Barn Venue,"31684 Dixie Rd, Wainfleet, ON L0S 1V0, Canada",Wainfleet,ON,L0S 1V0,,https://www.kehoeandkin.com/,Wedding Venue,130,200,,,,barn,unknown,unknown,both,4.9,137,no,yes,https://www.kehoeandkin.com,no,,no,no,,,92,"Premier wedding barn venue with explicit wedding focus in meta description, clear capacity stated (130 seated, 200 standing), restored century barn with photography features and copper cupola specifically positioned for weddings.",Century-old restored barn in Niagara with three levels perfect for photography. Seats 130 for dinner or 200 standing with country chic farm backdrop.,google_places,2026-05-17T23:04:43.882465,2026-05-18T00:54:25.133089+00:00
ChIJZ5c0x_kcL4gRfIuS8CULIYQ,Century Wedding Barn,"10068 Fernhill Dr, Denfield, ON N0M 1P0, Canada",Denfield,ON,N0M 1P0,(519) 476-9300,http://centuryweddingbarn.ca/,Wedding Venue,,,,,,barn,unknown,unknown,unknown,4.1,127,no,yes,http://centuryweddingbarn.ca/,no,,no,no,,,92,The venue name itself is 'Century Wedding Barn' and the tagline is 'Happily ever after begins here' - this is clearly a dedicated wedding venue with weddings as its primary business focus.,The Century Wedding Barn offers a rustic barn setting where happily ever after begins. A dedicated wedding venue perfect for couples seeking countryside charm.,google_places,2026-05-17T23:52:46.344022+00:00,2026-05-18T02:47:33.424571+00:00
ChIJkUOU_EwbK4gRc8zLDj2XTJ4,MG Manor,"15930 St Andrews Rd, Caledon East, ON L7C 2R8, Canada",Caledon East,ON,L7C 2R8,(437) 788-2525,https://mgmanor.com/,Wedding Venue,,,,,,estate,unknown,unknown,both,3.9,104,no,yes,https://mgmanor.com/,no,,no,no,,,92,"Premier luxury wedding venue with weddings prominently featured in title and description, set on a 200-acre private estate with both elegant indoor spaces and outdoor tent options.","MG Manor is a luxury wedding venue on a private 200-acre estate in Caledon, Ontario, offering elegant indoor spaces and a stunning outdoor tent for unforgettable celebrations.",google_places,2026-05-17T23:28:57.582303+00:00,2026-05-18T01:50:08.849602+00:00
ChIJz8Nqka-vKk0RjMLlJJWKbVU,Northbrook Farm Weddings,"3952 Fairgrounds Rd, Severn, ON L3V 0Y2, Canada",Aurora,ON,L3V 0Y2,(705) 330-5600,http://northbrookfarmweddings.ca/,Wedding Venue,,,,,,farm,unknown,unknown,outdoor,4.9,99,no,yes,https://northbrookfarmweddings.ca/,no,,no,no,,,95,Domain name is 'northbrookfarmweddings.ca' and site name is 'Northbrook Farm Weddings & Events' with meta description explicitly marketing it as 'the premier wedding venue in Orillia' - this is a dedicated wedding venue.,Northbrook Farm is Orillia's premier outdoor wedding venue featuring stunning gardens and elegant spaces. An elevated farm experience for your special day.,google_places,2026-05-17T23:32:56.010710+00:00,2026-05-18T02:01:58.790866+00:00
ChIJ3WBut3Nf04kRUt86mie2LeY,The Gardens at Pillar and Post,"526 Regent St, Niagara-on-the-Lake, ON L0S 1J0, Canada",Niagara-on-the-Lake,ON,L0S 1J0,(905) 468-2123,https://www.vintage-hotels.com/pillar-and-post/the-gardens-at-pillar-and-post/?utm_source=google&utm_medium=organic&utm_campaign=Google+My+Business&utm_term=The+Gardens&utm_content=Website,Wedding Venue,,,,,,hotel,unknown,yes,outdoor,4.6,91,no,yes,https://www.vintage-hotels.com/pillar-and-post/the-gardens-at-pillar-and-post/,no,,no,no,,,92,"Premier wedding venue at an established boutique hotel with dedicated Gardens page specifically mentioning weddings as a primary use, Monet-inspired setting, and clear event infrastructure.",Monet-inspired gardens at the prestigious Pillar and Post hotel offering an elegant outdoor setting for romantic weddings and special celebrations in Niagara-on-the-Lake.,google_places,2026-05-17T23:04:39.577494,2026-05-18T00:53:04.689636+00:00
ChIJwygkufVnLogRRQNFsgmUlfc,Wheatfield Estate,"5277 Quaker Rd, Sparta, ON N0L 2H0, Canada",Sparta,ON,N0L 2H0,,http://www.wheatfieldestate.com/,Wedding Venue,,,,,,estate,unknown,unknown,outdoor,4.8,90,no,yes,https://wheatfieldestate.com/weddings,yes,Investment guide with multiple packages and add-ons available,yes,unknown,,,92,"Dedicated weddings page with clear investment guide, packages, FAQ section, and detailed planning resources on a 5-acre forest estate venue near Port Stanley.",Beautiful outdoor wedding venue on 5 acres of forest near charming Port Stanley. Host your dream celebration in this intimate natural setting with packages.,google_places,2026-05-17T23:18:02.163171+00:00,2026-05-18T01:16:47.156032+00:00
ChIJ6xbawoSL1YkR7Kt0KWmPbjk,Northview Gardens~ Wedding & Event Venue,"994 Peterborough County Rd 19, Peterborough, ON K9J 6X2, Canada",Peterborough,ON,K9J 6X2,(705) 768-9742,http://www.northviewgardens.ca/,Wedding Venue,,,,,,estate,unknown,unknown,both,4.6,81,no,yes,https://www.northviewgardens.ca/wedding-packages,yes,Wedding packages available - details on dedicated packages page,no,no,,,92,"Premier wedding venue with 'Wedding & Event Venue' in business name, dedicated wedding packages page, and clear wedding focus in site structure and branding.",Northview Gardens is a dedicated wedding and event venue offering customizable wedding packages in a beautiful garden setting. Perfect for couples seeking both indoor and outdoor ceremony and reception options.,google_places,2026-05-18T00:04:14.321386+00:00,2026-05-18T03:26:42.229834+00:00
ChIJzXSewCujLIgRlwE0nO5B2LM,Agape Garden Event Venue,"410 Lewis Rd Unit 4, Stoney Creek, ON L8E 5Y7, Canada",Hamilton,ON,L8E 5Y7,(416) 575-1925,https://www.agapegarden.ca/,Wedding Venue,,,,info@agapegarden.ca,+14165751925,estate,unknown,unknown,both,4.9,73,no,yes,https://www.agapegarden.ca/,unknown,,no,no,,@agapegardeneventvenue,95,"Premier wedding venue with weddings prominently featured in title, meta description, and schema markup as EventVenue specializing in micro weddings and intimate ceremonies.","Agape Garden is Hamilton's premier boutique event venue blending rustic charm with sophisticated elegance, specializing in micro weddings and intimate ceremonies.",google_places,2026-05-17T23:16:30.967300+00:00,2026-05-18T01:12:00.560317+00:00
ChIJMTbjZBht0kwRQi9zErXn-lg,Temple's Country Weddings,"1700 Ferguson Falls Rd, Lanark, ON K0G 1K0, Canada",Lanark,ON,K0G 1K0,(613) 253-7000,https://templescountryweddings.ca/?utm_source=google&utm_medium=organic&utm_campaign=gbp-listing,Wedding Venue,,,,,,barn,unknown,unknown,both,4.9,70,no,yes,https://templescountryweddings.ca/,no,,no,no,,,95,"Premier wedding venue with 'weddings' in business name, dedicated wedding website, and SEO optimized specifically as 'Country Wedding Venue Ottawa Valley' with romantic countryside positioning.","Romantic country wedding venue in Ottawa Valley featuring towering trees, warm timber beams, and countryside charm for an unforgettable celebration.",google_places,2026-05-18T00:00:20.319542+00:00,2026-05-18T03:11:27.601212+00:00
ChIJtzxlMxiVKogR49FZ4OV_yqI,Ivy Ridge Weddings & Events,"7511 9th Line, Thornton, ON L0L 2N0, Canada",Thornton,ON,L0L 2N0,(705) 730-9876,https://ivyridge.ca/,Wedding Venue,,,,,,barn,unknown,unknown,both,4.9,67,no,yes,https://ivyridge.ca/weddings,unknown,,no,yes,,,92,"Premier wedding venue with 'Weddings & Events' in business name, dedicated weddings page with detailed subsections for ceremony, terrace, loft, culinary, and bookings, plus testimonials and book-a-tour functionality.","Ivy Ridge offers historic charm for your dream wedding with ceremony spaces, terrace, and loft options. Celebrate in a beautifully restored setting designed for couples.",google_places,2026-05-17T23:32:52.904907+00:00,2026-05-18T02:01:45.898011+00:00
ChIJZbsDO9BJ04kRrzFoJ_ZMknY,Ovation Ballroom,"1311 Egerter Rd, Port Robinson, ON L0S 1K0, Canada",Thorold,ON,L0S 1K0,(905) 384-5002,http://ovationballroom.com/,Wedding Venue,,,,,,banquet hall,unknown,unknown,indoor,4.8,66,no,yes,http://ovationballroom.com/,no,,no,no,,,95,This is explicitly branded as 'Niagara's Newest Wedding Venue' in the page title and company name 'Ovation Ballroom' clearly indicates a dedicated wedding venue.,"Ovation Ballroom is Niagara's newest wedding venue, offering couples an elegant ballroom setting for their celebration. A dedicated space designed for weddings.",google_places,2026-05-17T23:13:31.004264+00:00,2026-05-18T01:03:18.285218+00:00
ChIJN93_QSHZzUwR3ltkIqnioIE,Ottawa Wedding Chapel,"3249 York's Corners Rd, Kenmore, ON K0A 2G0, Canada",Ottawa,ON,K0A 2G0,(800) 545-3681,http://ottawaweddingchapel.org/,Wedding Venue,,,,,,other,unknown,unknown,indoor,4.9,63,no,yes,http://ottawaweddingchapel.org/wedding-packages,yes,Multiple wedding packages available for ceremony,no,no,,,95,This is literally a dedicated wedding chapel with 'wedding' in its name and an entire page devoted to wedding packages - premier wedding-focused venue.,Ottawa Wedding Chapel is a dedicated ceremony venue offering multiple wedding packages. The perfect intimate setting for your special day in Ottawa.,google_places,2026-05-18T00:00:24.629523+00:00,2026-05-18T03:12:23.748522+00:00
ChIJ86zz1NO114kRu8na6mkghnk,Cherryvale Weddings,"1927 County Rd 10, Picton, ON K0K 2T0, Canada",Belleville,ON,K0K 2T0,,http://www.cherryvaleweddings.ca/,Wedding Venue,,,,,,other,unknown,unknown,unknown,4.9,62,no,yes,http://www.cherryvaleweddings.ca/,no,,no,no,,,95,"Domain name and branding explicitly dedicated to weddings (Cherryvale Weddings), indicating this is a premier purpose-built wedding venue.","Cherryvale Weddings is a dedicated wedding venue designed to host your special day. With weddings as their primary focus, they provide a specialized setting for couples.",google_places,2026-05-18T00:03:07.662644+00:00,2026-05-18T03:23:22.486269+00:00
ChIJkb5Go0pGK4gRFjm0MsNoY38,Coach House Weddings,"15134 County Rd 21, Brighton, ON K0K 1H0, Canada",Brighton,ON,K0K 1H0,(905) 616-5454,http://www.coachhouseweddings.com/,Wedding Venue,,50,"John Marchant, Andrea Marchant",,,barn,unknown,yes,both,5,53,no,yes,http://www.coachhouseweddings.com/weddings,yes,"Micro weddings, all inclusive, pop-up weddings",no,no,,,92,"Dedicated wedding venue with 'weddings' in domain name, offers micro weddings up to 50 guests in barn and courtyard settings with guest house accommodations and named coordinators.",Intimate barn and courtyard wedding venue specializing in elegant micro weddings for up to 50 guests. Features guest house accommodations for 6 and all-inclusive packages in Prince Edward County.,google_places,2026-05-18T00:02:22.116268+00:00,2026-05-18T03:19:02.238347+00:00
ChIJ___7F41E04kRZgG4bSy0qbY,Niagara Wedding Chapel,"7973 Lundy's Ln, Niagara Falls, ON L2H 1H3, Canada",Niagara Falls,ON,L2H 1H3,(800) 393-7270,http://niagaraweddingchapel.com/,Wedding Venue,,,,,,other,unknown,unknown,unknown,4.9,53,no,yes,https://www.niagaraweddingchapel.com/wedding-packages,yes,"Elopements, intimate weddings, vow renewals, commitment ceremonies",no,no,,,95,"This is a dedicated wedding chapel with 'wedding' in its name, specialized packages for elopements and intimate ceremonies, and wedding-specific metadata including detailed keywords for wedding photography, flowers, and Elvis ceremonies.","Intimate wedding chapel in Niagara Falls specializing in elopements, small weddings, and vow renewals. Offers all-inclusive packages with photography and flowers.",google_places,2026-05-17T23:04:45.060439,2026-05-18T00:54:37.987317+00:00
ChIJ-YOOBXnxL4gRwl_n-Bu2LFE,The Rustic Ranch Wedding & Event Barn,"11369 Longwoods Rd, Thamesville, ON N0P 2K0, Canada",Thamesville,ON,N0P 2K0,(226) 881-0430,https://www.therusticranchbarn.com/,Wedding Venue,,,,,,barn,unknown,unknown,unknown,4.9,53,no,yes,https://www.therusticranchbarn.com,unknown,,no,unknown,,,95,"The venue name explicitly includes 'Wedding & Event Barn' and the site description states it's a luxury barn wedding venue hosting stress-less weddings since 2016, demonstrating clear wedding specialization.","The Rustic Ranch is a luxury barn wedding venue near Chatham, Ontario, specializing in stress-less weddings since 2016. Original barn venue for couples.",google_places,2026-05-17T23:53:45.666337+00:00,2026-05-18T02:55:02.129378+00:00
ChIJ20Zn9zUBKogRK1YNi9F8wug,The Best Little Wedding Chapel,"517831 Concession 5N, Owen Sound, ON N4K 5W4, Canada",Owen Sound,ON,N4K 5W4,(289) 952-7509,http://www.thebestlittleweddingchapel.com/,Wedding Venue,,,,,,barn,unknown,unknown,both,5,52,no,yes,https://thebestlittleweddingchapel.com/weddings-ceremonies/,yes,"Micro wedding packages focused on affordable, intimate ceremonies",no,no,,@thebestlittleweddingchapel,95,"Dedicated wedding chapel and barn venue with weddings as primary business, micro wedding packages, and clear specialization in intimate ceremonies.","A charming chapel and barn venue in South Georgian Bay specializing in affordable micro weddings and intimate ceremonies for couples seeking a beautiful, unique setting.",google_places,2026-05-17T23:40:40.167324+00:00,2026-05-18T02:19:55.294055+00:00
ChIJ3eaLmH3DOogRXTDx75OMBQc,Kings Landing Events,"455 Seacliff Dr, Kingsville, ON N9Y 2K5, Canada",Kingsville,ON,N9Y 2K5,(647) 971-3042,http://kingslandingevents.com/,Wedding Venue,,,,,,winery,unknown,unknown,unknown,5,50,no,yes,https://kingslandingevents.com,no,,no,no,,,92,"Premier wedding venue with 'Wedding' in the page title, described as 'premier event venue' at Pelee Island Winery with explicit focus on weddings, elegant space, and impeccable service.",Kings Landing Events at Pelee Island Winery offers an elegant waterfront setting in Kingsville with exquisite cuisine and impeccable service for your wedding.,google_places,2026-05-17T23:53:28.978786+00:00,2026-05-18T02:54:09.160600+00:00
ChIJ2dv_-tA30UwRKu_xFjFla2Y,The Farmstead Weddings & Events,"530 Drive-in Rd, Pembroke, ON K8A 6W4, Canada",Pembroke,ON,K8A 6W4,(613) 401-6958,http://www.thefarmstead.ca/,Wedding Venue,,,,,,farm,unknown,unknown,unknown,4.9,47,no,yes,https://www.thefarmstead.ca/weddings,yes,"Full-weekend, weekday, and seasonal micro-wedding packages available",no,no,,,92,"Premier wedding venue with 'Weddings & Events' in business name, dedicated weddings page, and multiple wedding packages including full-weekend and micro-wedding options clearly marketed.","The Farmstead Weddings & Events offers versatile farm wedding packages including full-weekend celebrations, weekday events, and intimate seasonal micro-weddings.",google_places,2026-05-17T23:45:19.241041+00:00,2026-05-18T02:31:54.963358+00:00
ChIJg093GUol1okRpPSjCxE_0mg,Venue 1906,"34 Victoria Ave, Belleville, ON K8N 1Z4, Canada",Belleville,ON,K8N 1Z4,(613) 902-8130,https://www.venue1906.ca/,Wedding Venue,,,,,,banquet hall,unknown,unknown,indoor,4.8,46,no,yes,https://www.venue1906.ca/weddings,no,,no,no,,,92,"Dedicated weddings page with venue explicitly branded as 'Wedding & Events Space' in the site title, former church offering both ceremonies and receptions in Belleville, Ontario.","Former church converted into a beautiful banquet hall in Belleville, hosting both ceremonies and receptions. A unique heritage venue perfect for traditional or modern weddings.",google_places,2026-05-18T00:02:13.733360+00:00,2026-05-18T03:18:00.553288+00:00
ChIJn3b7z5qbLIgRWvkuQeBqtd0,Heritage Weddings & Coordinators,"98 St Clair Ave, Hamilton, ON L8M 2N5, Canada",Hamilton,ON,L8M 2N5,(905) 528-3975,http://heritageweddings.ca/,Wedding Venue,,,,,,other,unknown,unknown,unknown,4.7,44,no,yes,http://heritageweddings.ca/,no,,no,no,,,95,The business name 'Heritage Weddings & Coordinators' explicitly identifies this as a dedicated wedding coordination service with weddings as the primary business focus.,Heritage Weddings & Coordinators specializes in wedding planning and coordination services. Professional wedding expertise to help couples plan their perfect day.,google_places,2026-05-17T23:20:40.377532+00:00,2026-05-18T01:21:23.462126+00:00
ChIJk6b8PY4hO4gRk-f1slsaDts,Wedding in the Woods,"1241 S Malden Rd, Essex, ON N9V 2Y7, Canada",Essex,ON,N9V 2Y7,(519) 984-3993,http://www.weddinginthewoods.ca/,Wedding Venue,,,,,,other,unknown,unknown,outdoor,4.7,39,no,yes,http://www.weddinginthewoods.ca/wedding,no,,no,no,,,95,"Premier dedicated wedding venue with 'Wedding' literally in the business name, dedicated weddings page, and metadata describing itself as an enchanting rustic private wedding venue on 30 acres.","Enchanting rustic private wedding venue on 30 acres of natural beauty in Windsor-Essex, 10-20 minutes from Windsor, Tecumseh, Amherstburg, Kingsville and Lasalle.",google_places,2026-05-17T23:52:58.656301+00:00,2026-05-18T02:48:26.016180+00:00
ChIJqwDRmasuO4gRvB5Txay4cJ4,Windsor Weddings,"2418 Central Ave, Windsor, ON N8W 4J3, Canada",Windsor,ON,N8W 4J3,(519) 990-4307,http://www.windsorweddings.ca/,Wedding Venue,,,,,,other,unknown,unknown,unknown,5,38,no,yes,http://www.windsorweddings.ca/,unknown,,no,no,,,95,The business name is literally 'Windsor Weddings' with tagline 'YOUR WEDDING. YOUR WAY. EFFORTLESS.' indicating this is a dedicated wedding service or venue focused entirely on the wedding market.,"Windsor Weddings specializes in creating effortless, personalized wedding experiences. Your wedding, your way—designed to make your special day stress-free.",google_places,2026-05-17T23:53:03.347161+00:00,2026-05-18T02:49:22.419564+00:00
ChIJ-2EIYhZ7LIgR13PFf3F5jCA,Troy Farms,"2438 Hwy 5 W, Troy, ON L0R 2B0, Canada",Hamilton,ON,L0R 2B0,(647) 987-7254,http://www.troyfarms.ca/,Wedding Venue,,500,,,+16479877254,farm,in-house only,yes,both,4.8,28,no,yes,http://www.troyfarms.ca/,no,,yes,yes,,,95,"Premier farm wedding venue with dedicated marketing, instant quote system, multiple event spaces with capacities listed, in-house catering, and overnight lodging.","A beautiful farm wedding venue near the GTA featuring outdoor spaces, the rustic Meadow Pavilion, and elegant Garden Marquee with in-house catering and lodging.",google_places,2026-05-17T23:17:07.489867+00:00,2026-05-18T01:15:26.037201+00:00
ChIJCd3BmDUNzkwRU8T1_M0OB64,Oak & Pines Venue,"3310 Tenth Line Rd, Navan, ON K4B 1H8, Canada",Ottawa,ON,K4B 1H8,,https://oakandpinesvenue.com/,Wedding Venue,,,,,,estate,open to outside caterers,unknown,outdoor,5,28,no,yes,https://oakandpinesvenue.com/,no,,no,no,,,92,"This is a dedicated wedding venue with 193 acres, exclusive rental model, and wedding-focused branding prominently featured in the title and description.",Oak & Pines is a private 193-acre estate venue in Navan/Orleans offering exclusive rental where you can hire your own vendors under prairie skies.,google_places,2026-05-18T00:00:19.054171+00:00,2026-05-18T03:11:19.977529+00:00
ChIJFyALZlzzLogRsK4SbVnOZkE,Brookside Banquet Centre,"99 Brookside St, London, ON N5Z 3J6, Canada",London,ON,N5Z 3J6,(519) 641-4725,http://www.brooksidebanquet.ca/,Wedding Venue,,,,,,banquet hall,unknown,unknown,indoor,3.9,28,no,yes,http://www.brooksidebanquet.ca/,yes,The Pearl and The Opal packages available,no,no,,,92,"Dedicated wedding venue with 'Wedding Venue' in title tag, named packages (Pearl and Opal), multiple sections for weddings, menus, and custom options showing strong wedding focus.","Brookside Banquet Centre is a beautiful London, Ontario banquet hall specializing in weddings and celebrations. Offers customizable packages and menus.",google_places,2026-05-17T23:52:17.193825+00:00,2026-05-18T02:45:56.101731+00:00
ChIJa3uL9k7BKogRS_rogJy4m7w,The Glass Manor - Wedding & Event Venue,"5108 County Road 27 R.R.#1, Cookstown, ON L0L 1L0, Canada",Innisfil,ON,L0L 1L0,(705) 305-8457,https://www.glassmanor.ca/,Wedding Venue,,,,,,estate,unknown,unknown,both,5,27,no,yes,https://www.glassmanor.ca/,unknown,,yes,yes,,,95,"Premier wedding venue with 'Wedding & Event Venue' in business name, dedicated wedding venue SEO, micro venue positioning for intimate weddings, rates page, testimonials section, and 4-acre country estate.",An intimate micro wedding venue on a 4-acre country estate in Innisfil. Country-meets-elegance setting with antique furnishings and picturesque grounds.,google_places,2026-05-17T23:32:30.549380+00:00,2026-05-18T02:01:24.292206+00:00
ChIJx50wMqStLIgR8vifusru7_Q,Martin Estates,"5000 Martin Rd N, Lincoln, ON L3J 1H2, Canada",Lincoln,ON,L3J 1H2,(905) 932-3833,http://www.martinestatesevents.com/,Wedding Venue,,,,,,estate,unknown,unknown,both,5,26,no,yes,http://www.martinestatesevents.com/,no,,no,no,,,92,"Premier wedding venue with weddings featured in title, meta description explicitly mentions weddings and special events, 25-acre estate with historic barn, tent, and farmhouse designed for wedding hosting.","Martin Estates is a family-owned 25-acre estate in Beamsville featuring a historic 150-year-old barn, 40'x60' tent, and charming farmhouse surrounded by orchards.",google_places,2026-05-17T23:13:56.323026+00:00,2026-05-18T01:04:47.639786+00:00
ChIJjU9DvaT3zUwR13PnaEsnK7Q,Ashlar Weddings & Events,"2876 Munster Rd, Ottawa, ON K0A 3P0, Canada",Ottawa,ON,K0A 3P0,(613) 883-8116,https://ashlarottawa.ca/,Wedding Venue,20,55,,,,estate,in-house only,unknown,both,5,20,no,yes,https://ashlarottawa.ca/weddings,yes,All-inclusive micro wedding packages starting at $139/guest,yes,no,,,95,"Premier wedding venue with dedicated weddings page, clear all-inclusive packages, transparent pricing starting at $139/guest, and defined capacity for 20-55 guests with heritage venue positioning.",Heritage venue offering all-inclusive micro wedding packages for 20-55 guests with chef-driven dining and full coordination. Packages start at $139/guest in Ottawa.,google_places,2026-05-18T00:00:16.691220+00:00,2026-05-18T03:10:28.159032+00:00
ChIJJaFSfuVB04kRtVLqSS4DDjk,"Gracewood Estates, Kurtz Orchards","16052 Niagara River Pkwy, Niagara-on-the-Lake, ON L0S 1J0, Canada",Niagara-on-the-Lake,ON,L0S 1J0,(905) 468-2937,https://www.kurtzorchards.com/niagara-wed-events/gracewood-estate-wedding/,Wedding Venue,,,,,,estate,unknown,unknown,both,4.6,14,no,yes,https://www.kurtzorchards.com/niagara-wed-events/gracewood-estate-wedding/,no,,no,no,,,92,Dedicated Gracewood Estate wedding page within a known orchard/winery property with clear wedding focus in URL structure and page title.,Gracewood Estate at Kurtz Orchards offers a picturesque Niagara wedding setting surrounded by orchards and vineyards. An elegant estate venue ideal for couples.,google_places,2026-05-17T23:04:40.183388,2026-05-18T00:53:17.894925+00:00
ChIJyysknQqjLogRbD9KaidntoY,Creekside Wedding Ceremony Venue,"295769 29th Line, Lakeside, ON N0M 2G0, Canada",Lakeside,ON,N0M 2G0,(519) 476-2794,http://creeksideweddingvenue.com/,Wedding Venue,,,,,,other,unknown,unknown,outdoor,5,11,no,yes,http://creeksideweddingvenue.com/,no,,no,no,,,95,The venue name itself is 'Creekside Wedding Ceremony Venue' indicating this is a dedicated wedding venue with clear singular focus on wedding ceremonies.,"A dedicated outdoor ceremony venue by the creek. Specialized setting for couples seeking a natural, intimate location to exchange their vows.",google_places,2026-05-17T23:54:37.754913+00:00,2026-05-18T02:59:35.816586+00:00
ChIJ2YfbX1GbJYgRP6a5MRX5en8,Bluewater Weddings Marriage,"1371 Robin Ln, Sarnia, ON N7V 3E6, Canada",Sarnia,ON,N7V 3E6,(519) 332-4800,https://www.bluewaterwed.com/,Wedding Venue,,,,,,other,unknown,unknown,outdoor,5,9,no,yes,https://www.bluewaterwed.com/,no,,no,no,,,95,The venue name and domain itself is 'Bluewater Weddings Marriage' - this is explicitly and exclusively a wedding-focused business.,Bluewater Weddings specializes in creating memorable waterfront wedding celebrations. A dedicated wedding venue focused on bringing your special day to life.,google_places,2026-05-17T23:59:10.445272+00:00,2026-05-18T03:08:01.823607+00:00
ChIJOUB4b_FE04kRzCw6Sll8KsY,"Grandé Ballroom, Americana Resort","8444 Lundy's Ln, Niagara Falls, ON L2H 1H4, Canada",Niagara Falls,ON,L2H 1H4,(905) 356-8444,https://www.americananiagara.com/groups-events,Wedding Venue,,,,,,resort,in-house only,yes,indoor,3.7,7,no,yes,https://www.americananiagara.com/groups-events/weddings,unknown,,no,no,,@americanaresort,92,"Premier resort with dedicated weddings page, clear wedding focus in meta descriptions mentioning elegant décor, fabulous cuisine, and impeccable service specifically for weddings.","Americana Conference Resort & Spa combines elegant décor, fabulous cuisine, and impeccable service to bring your wedding dreams to life in Niagara Falls.",google_places,2026-05-17T23:05:40.722064,2026-05-18T01:01:03.755068+00:00
ChIJf5a2C7bVKogRkb75VLw-mPs,Fox Den Farms Wedding Venue,"13401 Leslie St, Richmond Hill, ON L4E 1A2, Canada",Richmond Hill,ON,L4E 1A2,(647) 444-3268,https://www.foxdenfarmswedding.com/,Wedding Venue,,,,,,farm,unknown,unknown,unknown,5,6,no,yes,https://www.foxdenfarmswedding.com/,no,,no,no,,,92,"The venue name itself is 'Fox Den Farm Weddings' and the domain includes 'wedding', demonstrating this is a dedicated wedding venue with clear focus on the wedding market.",Fox Den Farm Weddings offers a picturesque farm setting for your special day. A charming rural venue dedicated to creating memorable wedding celebrations.,google_places,2026-05-17T23:30:51.357546+00:00,2026-05-18T01:57:33.110562+00:00
ChIJuT-0QCpT04kRrtfTojqxj6Y,Little Barn Co. Weddings,"1923 Seventh Street Louth, St. Catharines, ON L2R 6P9, Canada",St. Catharines,ON,L2R 6P9,,https://www.littlebarncoweddings.ca/,Wedding Venue,,,,,,farm,unknown,nearby,both,5,5,no,yes,https://www.littlebarncoweddings.ca,unknown,,no,unknown,,,95,"Premier wedding venue with 'Weddings' in business name and domain, dedicated website focused exclusively on hosting weddings at a rustic flower farm with barn and full-service amenities.","A rustic flower farm wedding venue in St. Catharines featuring blooming peony fields, a beautiful barn, and full amenities minutes from Niagara wine country.",google_places,2026-05-17T23:11:55.768654+00:00,2026-05-18T01:02:48.191777+00:00
ChIJt2TqMqL5KYgRiyqvyx1dna0,Clockworks Weddings & Events,"457200 8th Concession Rd S, Chatsworth, ON N4K 5N8, Canada",Meaford,ON,N4K 5N8,,https://www.clockworksevents.ca/,Wedding Venue,,,,,,other,unknown,unknown,unknown,5,5,no,yes,https://www.clockworksevents.ca,unknown,,no,unknown,,,95,"The entire website is dedicated to weddings with 'Create Your Dream Wedding Today' as the main title and meta description explicitly stating they specialize in crafting timeless, elegant wedding experiences.","Clockworks in Chatsworth, Ontario specializes in crafting timeless, elegant wedding experiences with meticulous attention to detail for your dream day.",google_places,2026-05-18T00:10:22.040985+00:00,2026-05-18T03:39:40.509604+00:00
ChIJY0_nuwWt1EwRbkeTq1WqxGo,Pondview Estates Wedding Venue,"2440 N Asphodel 5th Line, Norwood, ON K0L 2V0, Canada",Norwood,ON,K0L 2V0,(705) 931-5123,http://www.pondviewestates.com/,Wedding Venue,,,,,,estate,unknown,unknown,outdoor,5,5,no,yes,https://www.pondviewestates.com/weddings,unknown,,no,unknown,,,92,"Dedicated weddings page with SEO-optimized title 'Plan Your Dream Wedding Today' and meta description emphasizing expert planning, decor, and stress-free wedding experiences clearly positions this as a premier wedding venue.",Pondview Estates is a beautiful outdoor wedding venue offering expert planning and stunning decor for your dream celebration. Experience stress-free weddings.,google_places,2026-05-18T00:04:17.211650+00:00,2026-05-18T03:26:59.886828+00:00
ChIJ-zVc1n7RKogRgm5gW8IxqHc,Bancroft Polo Farm Wedding Venue,"16555 Keele St, Kettleby, ON L7B 0G1, Canada",Kettleby,ON,L7B 0G1,(647) 444-3268,https://www.bancroftpolofarmweddings.com/,Wedding Venue,,,,,,farm,unknown,unknown,unknown,5,1,no,yes,https://www.bancroftpolofarmweddings.com,no,,no,no,,,92,"Dedicated wedding venue with 'weddings' in domain name and brand, 130-acre polo farm estate specifically marketed for weddings with professional meta descriptions highlighting its wedding purpose.","A stunning 130-acre polo farm estate in Kettleby, just 30 minutes north of Toronto, offering breathtaking horse country views for weddings and celebrations.",google_places,2026-05-17T23:32:32.353716+00:00,2026-05-18T02:01:37.655165+00:00
ChIJxd54n3cP0kwRsu5ccpYcWNA,The Ranch Weddings and Events,"7109 County Rd 29, Carleton Place, ON K7C 3P1, Canada",Carleton Place,ON,K7C 3P1,(613) 695-7123,https://www.ranchweddingsandevents.ca/,Wedding Venue,,,,,,barn,unknown,unknown,unknown,5,1,no,yes,https://www.ranchweddingsandevents.ca/,no,,no,no,,,92,"The venue name itself is 'Ranch Weddings & Events' with weddings prominently featured in the business name and domain, indicating a dedicated wedding venue.",A ranch-style wedding and events venue offering a rustic setting for your celebration. Perfect for couples seeking a countryside atmosphere for their special day.,google_places,2026-05-18T00:07:31.690705+00:00,2026-05-18T03:33:09.061990+00:00
ChIJjQQolqwTL4gRVqfds2488_I,Fallowfield Estate,"7129 Arkona Rd, Arkona, ON N0M 1B0, Canada",Arkona,ON,N0M 1B0,(519) 466-1177,http://fallowfieldestate.ca/,Wedding Venue,,,,,,estate,in-house only,unknown,both,5,1,no,yes,http://fallowfieldestate.ca/,unknown,,no,unknown,,,95,"Premier wedding venue with dedicated focus evident in page title mentioning tent and barn wedding reception venue, catering, event planning, and DJs for weddings.","A romantic barn and tent wedding venue in Fallowfield featuring rustic charm with modern interiors. Full-service estate offering catering, event planning, and entertainment.",google_places,2026-05-17T23:59:14.899400+00:00,2026-05-18T03:08:37.768638+00:00
ChIJ7ZT_-gPjL4gRwly2jSFa0Qo,Meadowcroft Estate,"9255 Old Street Line, Blenheim, ON N0P 1A0, Canada",Blenheim,ON,N0P 1A0,(519) 355-9990,https://meadowcroftestate.com/,Wedding Venue,,,,,,estate,unknown,unknown,unknown,,,no,yes,https://www.meadowcroftestate.com/weddings,yes,"Packages for elopements, micro weddings, and small weddings",no,no,,,92,"Dedicated weddings page with clear focus on elopements, micro weddings, and small weddings, mentions packages and services, and is branded as an estate venue.","Meadowcroft Estate specializes in intimate celebrations with scenic settings perfect for elopements, micro weddings, and small gatherings.",google_places,2026-05-17T23:54:05.299995+00:00,2026-05-18T02:57:36.753854+00:00
ChIJnSXAiWP8KYgRQCgSiKDdJ6M,Wedding on the Bay,"1800 2nd Ave E, Owen Sound, ON N4K 5R1, Canada",Owen Sound,ON,N4K 5R1,(866) 719-9200,http://weddingsonthebay.ca/,Wedding Venue,,,,,,hotel,unknown,yes,unknown,,,no,yes,http://weddingsonthebay.ca/wedding-packages,yes,"Wedding packages available, customizable options",no,no,,@bestwesterninnonthebay,92,"Dedicated wedding website with packages page, hotel venue with accommodations, waterfront location, and clear wedding focus in branding and meta content.",Waterfront hotel venue in Owen Sound offering customizable wedding packages on Georgian Bay. Features on-site accommodations and elegant lakeside setting.,google_places,2026-05-18T00:10:27.635272+00:00,2026-05-18T03:40:22.101798+00:00
